Date,Elevation,Site,destBlockID,Treatment,Taxon,StoichLabel,P_percent,C_percent,N_percent,CN_ratio,dN15_percent,dC13_percent,n,CNP_Comment
2015-08-20,3500,M,MO,LOCAL,Polygonum cyanandrum,164,0.09838688448940719,43.9931,2.4774,17.757770242996692,2.50316423416138,-30.9284061431885,1,NA
2015-08-20,3850,A,AO,LOCAL,Polygonum cyanandrum,198,0.21795493750317935,44.1417,2.8485,15.496471827277514,3.7749311065673803,-31.125732498168897,1,NA
2015-08-20,3500,M,MO,LOCAL,Polygonum cyanandrum,163,0.09828031653871194,45.8058,3.0593,14.972640800183049,2.51857921600342,-30.1828693389893,1,NA
2015-08-20,3000,L,LO,LOCAL,Polygonum cyanandrum,113,0.058710460393591374,44.618,2.5074,17.79452819653825,4.920532531738281,-30.462046279907202,1,NA
2015-08-20,4100,H,HO,LOCAL,Rhodiola fastigiata,224,0.12804369474426544,46.5741,2.6418,17.629684306154896,0.011093342304229925,-29.127878265380897,1,NA
2015-08-20,3500,M,MO,LOCAL,Rhodiola yunnanensis,172,0.10107946611408083,42.1735,2.1442,19.66864098498274,1.298772039413452,-29.048015975952097,1,NA
2015-08-20,3850,A,AO,LOCAL,Hemiphragma heterophyllum,186,0.12241206298730596,47.3706,1.8329,25.84461781875716,1.070794579982758,-28.4705146026611,1,NA
2015-08-20,3500,M,MO,LOCAL,Clinopodium polycephalum,134,0.1241400653514564,46.0202,3.0522,15.077714435489156,0.749660582542419,-28.5443290710449,1,NA
2015-08-20,3000,L,LO,LOCAL,Swertia macrosperma,122,0.20559303893347444,48.7448,2.4301,20.058763013867743,2.4260035228729198,-28.2068869018555,1,NA
2015-08-20,3500,M,MO,LOCAL,Hemiphragma heterophyllum,145,0.0631853560106704,48.6027,2.0739,23.435411543468824,1.53499871730804,-27.739920043945297,1,NA
2015-08-20,4100,H,HO,LOCAL,Sibbaldia pentaphylla,231,0.14735833289582,46.2022,2.8005,16.497839671487235,-1.40015588283539,-28.8130319976807,1,NA
2015-08-20,3000,L,LO,LOCAL,Clinopodium polycephalum,104,0.09543666790198876,46.3095,2.9375,15.764936170212765,0.191696129441261,-29.3609987640381,1,NA
2015-08-20,4100,H,HO,LOCAL,Rhododendron websterianum,226,0.10942895730235731,47.7592,2.6994,17.692524264651404,1.69654730319977,-28.047067718505897,1,NA
2015-08-20,3500,M,MO,LOCAL,Hemiphragma heterophyllum,143,0.08737316318968845,49.6281,2.6653,18.62008029114922,1.49403819561005,-28.7639430999756,1,NA
2015-08-20,3500,M,MO,LOCAL,Pedicularis sima,159,0.2838230802244905,40.6628,2.2822,17.81736920515292,0.8047195100784299,-28.407905960083,1,NA
2015-08-20,4100,H,HO,LOCAL,Rhododendron websterianum,225,0.10065609219207071,49.8056,2.0265,24.577152726375523,0.773755991458893,-27.5062008666992,1,NA
2015-08-20,3500,M,MO,LOCAL,Microula sikkimensis,157,0.05670942384978395,41.4984,2.5898,16.023785620511237,-0.104185997247696,-29.8722690582275,1,NA
2015-08-20,3000,L,LO,LOCAL,Clinopodium polycephalum,101,0.08059259972466087,47.2091,3.2174,14.673058991732454,4.228051967620851,-29.541439666748,1,NA
2015-08-20,3000,L,LO,LOCAL,Geranium nepalense,110,0.22422020382013486,44.808,3.2469,13.800240229141643,2.67578846931458,-28.5279699707031,1,NA
2015-08-20,4100,H,HO,LOCAL,Rhododendron websterianum,227,0.0894051261233441,51.2035,2.6092,19.624214318565077,-1.44866987705231,-29.143219070434597,1,NA
2015-08-20,3500,M,MO,LOCAL,Carpesium humile,129,0.10308018678215167,46.0971,2.539,18.15561244584482,-0.9155865240097101,-29.5399443054199,1,NA
2015-08-20,3000,L,LO,LOCAL,Clinopodium polycephalum,103,0.18321295788408706,45.0655,2.7975,16.109204647006255,0.05528212308883701,-30.525326385498,1,NA
2015-08-20,4100,H,HO,LOCAL,Aster asteroides,213,0.1716565345718284,44.1898,3.1815,13.889611818324688,-5.51255067825317,-30.639619903564498,1,NA
2015-08-20,4100,H,HO,LOCAL,Rhododendron websterianum,228,0.16422700689317948,50.3994,2.7697,18.196700003610502,-4.21266254425049,-27.536083297729498,1,NA
2015-08-20,3500,M,MO,LOCAL,Microula sikkimensis,158,0.09996928683517183,38.5444,3.6449,10.574885456391124,1.9364154624939,-28.8648990631104,1,NA
2015-08-20,4100,H,HO,LOCAL,Anaphalis flavescens,210,0.2042400319542651,43.9652,2.64,16.653484848484847,-2.2395516395568897,-30.958507614135698,1,NA
2015-08-20,3500,M,MO,LOCAL,Polygonum runcinatum,168,0.17065034983499072,39.4605,6.0868,6.482963133337715,2.76311227798462,-30.2170204162598,1,NA
2015-08-20,3500,M,MO,LOCAL,Microula sikkimensis,156,0.07348509649653934,42.6977,3.6546,11.683275871504405,1.80198326587677,-29.5276683807373,1,NA
2015-08-20,3500,M,MO,LOCAL,Pedicularis sima,162,0.16566658055323255,44.2521,2.7768,15.936365600691442,1.47358581542969,-28.8366683959961,1,NA
2015-08-20,3500,M,MO,LOCAL,Swertia macrosperma,176,0.11874416461534612,46.2232,3.5733,12.935717683933618,0.346166160106659,-30.3127158355713,1,NA
2015-08-20,4100,H,HO,LOCAL,Aster asteroides,214,0.20215476862705883,43.5463,2.7543,15.810296627092184,-2.93599685668945,-31.243286209106397,1,NA
2015-08-20,3850,A,AO,LOCAL,Aster asteroides,183,0.12841681959401643,43.3163,2.785,15.553429084380609,0.355771511942148,-30.2100260925293,1,NA
2015-08-20,3500,M,MO,LOCAL,Hemiphragma heterophyllum,141,0.05184628257360607,46.8252,1.6942,27.63853146027624,1.67898589611053,-29.534397506713898,1,NA
2015-08-20,3500,M,MO,LOCAL,Polygonum runcinatum,169,0.11627593614702879,40.0053,3.1057,12.881250603728628,-0.82626441001892,-29.072340393066398,1,NA
2015-08-20,4100,H,HO,LOCAL,Rhododendron websterianum,229,0.09342794879445669,50.6801,1.916,26.450991649269312,-3.6462751388549797,-28.411165313720698,1,NA
2015-08-20,3000,L,LO,LOCAL,Swertia macrosperma,125,0.20147215493986273,48.6395,4.0331,12.06007785574372,2.75422466278076,-28.9877878570557,1,NA
2015-08-20,3500,M,MO,LOCAL,Polygonum runcinatum,166,0.09720717762792008,38.7759,1.9547,19.837264030285976,4.20815581321716,-28.635439300537097,1,NA
2015-08-20,3000,L,LO,LOCAL,Polygonum runcinatum,116,0.4277083047080975,42.0285,3.3054,12.715102559448175,4.5214108276367195,-29.438360824585,1,NA
2015-08-20,3850,A,AO,LOCAL,Pedicularis sima,194,0.5123985283866103,38.6369,2.4957,15.481387987338222,0.104548159837723,-29.141731338501,1,NA
2015-08-20,3500,M,MO,LOCAL,Hemiphragma heterophyllum,142,0.045810015103096714,47.2358,1.4944,31.608538543897215,1.73475581645966,-30.156385803222697,1,NA
2015-08-20,3500,M,MO,LOCAL,Polygonum runcinatum,167,0.11114368857388567,36.0323,1.855,19.4244204851752,6.030947151184081,-28.811985397338898,1,NA
2015-08-20,3850,A,AO,LOCAL,Pedicularis sima,193,0.28156424248462975,40.1752,2.5592,15.698343232260079,-1.42719623088837,-28.290092544555698,1,NA
2015-08-20,3850,A,AO,LOCAL,Pedicularis sima,195,0.19605247195514192,43.2705,2.215,19.535214446952597,1.313331568241119,-28.3331032562256,1,NA
2015-08-20,4100,H,HO,LOCAL,Anaphalis flavescens,209,0.15325662237933563,42.8432,3.4762,12.324722398020828,0.238987976312637,-29.924135284423798,1,NA
2015-08-20,3500,M,MO,LOCAL,Swertia macrosperma,179,0.12293124668660287,45.8117,3.712,12.34151400862069,2.8153108596801797,-29.7951033782959,1,NA
2015-08-20,3500,M,MO,LOCAL,Rhodiola yunnanensis,170,0.18837207005799805,41.1844,2.7475,14.989772520473156,2.03941509246826,-29.3234409332275,1,NA
2015-08-20,3000,L,LO,LOCAL,Fragaria orientalis,108,0.18304535320647639,45.8086,3.1726,14.438819895353967,0.269687641113996,-27.4454466247559,1,NA
2015-08-20,3500,M,MO,LOCAL,Pedicularis sima,160,0.10900321836747845,45.476,3.2315,14.07272164629429,0.261764289140701,-29.531353378295897,1,NA
2015-08-20,3500,M,MO,LOCAL,Clinopodium polycephalum,133,0.07549963208349698,46.9079,2.4686,19.00182289556834,-0.07722693443298295,-31.509992980956998,1,NA
2015-08-20,3500,M,MO,LOCAL,Swertia macrosperma,177,0.11623121503799501,46.2668,3.6234,12.76889109675995,1.8712849855423,-29.9136794281006,1,NA
2015-08-20,4100,H,HO,LOCAL,Aletris pauciflora,206,0.28005327887549447,43.7545,2.8545,15.328253634612016,0.8485648423433301,-27.749929504394498,1,NA
2015-08-20,3000,L,LO,LOCAL,Polygonum runcinatum,114,0.10933082881632333,42.5073,2.9683,14.320419095104942,8.630666084289551,-30.3617082977295,1,NA
2015-08-20,3000,L,LO,LOCAL,Swertia macrosperma,124,0.08586851792739604,47.8369,1.6974,28.182455520207377,1.2717765355110169,-29.0121961975098,1,NA
2015-08-20,3500,M,MO,LOCAL,Swertia macrosperma,180,0.08753925381639156,46.3219,3.5272,13.132768201406215,-0.7254034638404849,-29.3318808746338,1,NA
2015-08-20,3850,A,AO,LOCAL,Pedicularis sima,192,0.31062532171984875,40.7364,3.0764,13.241581068781693,0.002281103134154999,-28.7736073303223,1,NA
2015-08-20,3000,L,LO,LOCAL,Clinopodium polycephalum,105,0.09868626673561887,45.3201,1.8159,24.95737650751693,-2.16808243751526,-29.7268530273438,1,NA
2015-08-20,3500,M,MO,LOCAL,Swertia macrosperma,178,0.11693100531163816,46.7604,3.4276,13.642315322674756,1.4078013563156098,-29.2361376953125,1,NA
2015-08-20,4100,H,HO,LOCAL,Chamaesium viridiflorum,215,0.2825503222741402,40.9612,2.805,14.602923351158644,-0.9308478498458901,-28.526134567260698,1,NA
2015-08-20,3500,M,MO,LOCAL,Polygonum runcinatum,165,0.09853258499857348,36.7797,1.8165,20.247563996696943,4.995668830871581,-29.1175827026367,1,NA
2015-08-20,3000,L,LO,LOCAL,Clinopodium polycephalum,102,0.2408603658151618,46.2059,3.2435,14.24569138276553,0.062186454534531005,-29.3315054321289,1,NA
2015-08-20,3500,M,MO,LOCAL,Carpesium humile,130,0.11510606193973336,46.5782,2.6022,17.899546537545156,0.386385887563229,-28.9360472106934,1,NA
2015-08-20,4100,H,HO,LOCAL,Aster asteroides,212,0.1712071120149427,43.0703,3.5816,12.02543555952647,-3.18041184425354,-29.6142025756836,1,NA
2015-08-20,3500,M,MO,LOCAL,Pedicularis sima,161,0.29684598399358253,42.08,3.0526,13.784970189346787,-0.19104745864868194,-29.3427394866943,1,NA
2015-08-20,3500,M,MO,LOCAL,Clinopodium polycephalum,135,0.1071161111623944,44.4373,2.2203,20.014097194072875,-0.08377432584762595,-30.6958698272705,1,NA
2015-08-20,3000,L,LO,LOCAL,Polygonum runcinatum,117,0.32696734742568206,47.9016,5.8796,8.14708483570311,11.6791619110107,-27.3909365081787,1,NA
2015-08-20,4100,H,HO,LOCAL,Gentiana trichotoma,217,0.11485266457683861,46.6089,2.4537,18.995353955251254,-1.81388053894043,-28.58537109375,1,NA
2015-08-20,3850,A,AO,LOCAL,Pedicularis sima,196,0.4342275445886239,42.115,2.8334,14.863767911343263,-0.7076097393035901,-27.703786926269498,1,NA
2015-08-20,4100,H,HO,LOCAL,Gentiana trichotoma,216,0.08283141065449044,46.3829,2.6071,17.79099382455602,-3.3547974586486795,-29.6520539093018,1,NA
2015-08-20,3850,A,AO,LOCAL,Aster asteroides,182,0.13837549792880727,43.1759,1.9648,21.974704804560258,-0.128390374183655,-31.0267794799805,1,NA
2015-08-20,4100,H,HO,LOCAL,Anaphalis flavescens,208,0.12358980081754281,43.3143,1.8342,23.614818449460255,2.11729339122772,-29.411726074218798,1,NA
2015-08-20,4100,H,HO,LOCAL,Gentiana trichotoma,218,0.06306579894599179,47.3401,1.9907,23.780629929170644,-3.0646825790405297,-29.542875366210897,1,NA
2015-08-20,3850,A,AO,LOCAL,Polygonatum cirrhifolium,197,0.20836053284784697,44.4737,3.8455,11.565128071772202,1.036518068313599,-29.3362694549561,1,NA
2015-08-20,4100,H,HO,LOCAL,Aster asteroides,211,0.21149388619545959,42.8725,3.5334,12.133497481179601,-4.29516151428223,-30.1312428283691,1,NA
2015-08-20,3000,L,LO,LOCAL,Geranium nepalense,111,0.37076138622758786,44.3571,2.8165,15.749014734599681,5.94305742263794,-29.252461090087902,1,NA
2015-08-20,3850,A,AO,LOCAL,Fragaria orientalis,185,0.10268060313048503,43.6066,2.011,21.68403779214321,-0.6922480487823501,-28.0952742767334,1,NA
2015-08-20,3000,L,LO,LOCAL,Geranium nepalense,109,0.19077870054434412,44.6807,2.1339,20.93851633159942,0.7299589586257931,-30.6658560180664,1,NA
2015-08-20,3000,L,LO,LOCAL,Swertia macrosperma,123,0.14493713439161934,49.4907,3.5427,13.969768820391227,3.34985912322998,-29.1315180206299,1,NA
2015-08-20,3500,M,MO,LOCAL,Rhodiola yunnanensis,174,0.12629974744234476,44.2406,2.4761,17.867048988328417,0.9340727305412291,-29.5177195739746,1,NA
2015-08-20,3000,L,LO,LOCAL,Rumex nepalensis,119,0.1584138565707024,47.3173,3.0748,15.388740731104463,6.388572998046881,-28.1768728637695,1,NA
2015-08-20,3850,A,AO,LOCAL,Potentilla stenophylla var. emergens,202,0.21179616044143387,44.9308,2.4574,18.283877268657932,-2.5238161945343,-28.699251251220698,1,NA
2015-08-20,3000,L,LO,LOCAL,Polygonum runcinatum,115,0.34774164094910404,44.6452,4.5637,9.78267633718255,6.76952016830444,-30.047642364502,1,NA
2015-08-20,3000,L,LO,LOCAL,Polygonum runcinatum,118,0.15273990862806053,46.7848,3.6449,12.835688221899092,10.3293942260742,-29.1870886230469,1,NA
2015-08-20,4100,H,HO,LOCAL,Saussurea ceterach,230,0.22826394371929712,42.552,4.3308,9.825436408977556,1.16045637607575,-25.9374578857422,1,NA
2015-08-20,3500,M,MO,LOCAL,Trifolium repens,181,0.18507616305925265,43.1304,3.1697,13.607092153831593,-1.4450872278213502,-30.2734759521484,1,NA
2015-08-20,3850,A,AO,LOCAL,Fragaria orientalis,184,0.12207584374757084,43.6761,1.7545,24.89375890567113,2.7027845954895002,-27.075672454834,1,NA
2015-08-20,3500,M,MO,LOCAL,Carpesium humile,132,0.14758222106467037,45.8281,2.5212,18.17709820720292,1.2810316157341,-28.0711065673828,1,NA
2015-08-20,4100,H,HO,LOCAL,Gentiana trichotoma,220,0.08225671020755189,45.1951,1.8892,23.922877408426846,-1.8327022552490198,-31.808013992309597,1,NA
2015-08-20,3500,M,MO,LOCAL,Carpesium humile,131,0.10169838275997853,46.2823,1.6546,27.971896530883594,0.26494116425514197,-29.3758226776123,1,NA
2015-08-20,4100,H,HO,LOCAL,Gentiana trichotoma,219,0.06040961220451549,45.7496,1.6899,27.07237114622167,-4.834218597412111,-29.017934875488297,1,NA
2015-08-20,4100,H,HO,LOCAL,Oxytropis yunnanensis,223,0.23428144677780793,43.733,3.1786,13.75857295664758,-0.197922705411911,-29.5448666381836,1,NA
2015-08-20,3850,A,AO,LOCAL,Potentilla stenophylla var. emergens,203,0.22794325545116192,43.319,2.802,15.460028551034975,0.09788986444473297,-27.6243572998047,1,NA
2015-08-20,3500,M,MO,LOCAL,Ligusticum scapiforme,146,0.1557581791065579,41.881100000000004,2.1997,19.039459926353594,3.28198331832886,-27.939394378662097,1,NA
2015-08-20,3500,M,MO,LOCAL,Fragaria orientalis,138,0.1015804954853265,44.0059,2.2441,19.609598502740518,-0.08999752759933505,-28.922285461425798,1,NA
2015-08-20,3850,A,AO,LOCAL,Ligusticum scapiforme,189,0.20640149566983845,43.8846,3.317,13.230208019294542,3.8418296909332303,-25.635282592773397,1,NA
2015-08-20,4100,H,HO,LOCAL,Oxytropis yunnanensis,222,0.2419794021538124,43.6997,3.8781,11.268327273664939,-0.703233926296234,-28.9988251495361,1,NA
2015-08-20,3000,L,LO,LOCAL,Fragaria orientalis,107,0.23432289639420747,45.7449,2.0163,22.687546496057134,1.390134074687958,-27.401987686157202,1,NA
2015-08-20,3850,A,AO,LOCAL,Rhodiola yunnanensis,205,0.14597718514504004,40.6471,2.3409,17.363877141270454,0.42539467927068497,-28.514728622436497,1,NA
2015-08-20,3000,L,LO,LOCAL,Fragaria orientalis,106,0.19138932916357237,43.928,2.4083,18.240252460241663,1.3349717330932598,-29.988016738891602,1,NA
2015-08-20,3500,M,MO,LOCAL,Rhodiola yunnanensis,175,0.14066280598842207,42.1583,2.6309,16.02428826637272,1.120487477779388,-29.2740157318115,1,NA
2015-08-20,3850,A,AO,LOCAL,Ligusticum scapiforme,191,0.0668347005024964,43.5825,1.9232,22.661449667221298,2.12254085540772,-27.464864807128897,1,NA
2015-08-20,3000,L,LO,LOCAL,Rumex nepalensis,121,0.4286659520748871,46.3411,2.5646,18.069523512438586,4.942731208801271,-27.7835413360596,1,NA
2015-08-20,3000,L,LO,LOCAL,Geum aleppicum,112,0.3812408153158389,43.4751,2.2397,19.41112649015493,0.423391565382481,-28.9163423919678,1,NA
2015-08-20,3500,M,MO,LOCAL,Ligusticum scapiforme,147,0.4296473972656125,43.9637,4.3566,10.091286783271359,1.53756454467774,-27.330934906005897,1,NA
2015-08-20,3850,A,AO,LOCAL,Ligusticum scapiforme,190,0.18262701914842588,41.7596,3.1764,13.146832892582797,2.38540378570557,-27.1642189788818,1,NA
2015-08-20,4100,H,HO,LOCAL,Ligusticum scapiforme,221,0.27610518921344435,41.9516,3.4707,12.087359898579537,0.009282530546187995,-27.5317955780029,1,NA
2015-08-20,3500,M,MO,LOCAL,Carpesium humile,128,0.13259985531746052,45.9697,2.1691,21.192983264948598,0.5099766623973849,-29.0252634429932,1,NA
2015-08-20,3850,A,AO,LOCAL,Potentilla stenophylla var. emergens,201,0.29270817490816775,43.2224,1.9584,22.0702614379085,0.444999797344208,-27.2486003112793,1,NA
2015-08-20,3500,M,MO,LOCAL,Fragaria orientalis,140,0.09832294862109776,43.3876,2.1759,19.940070775311366,-0.3877726483345029,-29.4702037811279,1,NA
2015-08-20,3500,M,MO,LOCAL,Ligusticum scapiforme,148,0.31765964632939153,43.2414,3.51,12.31948717948718,1.76774266242981,-27.885702514648397,1,NA
2015-08-20,3850,A,AO,LOCAL,Ligusticum scapiforme,187,0.17994164824716435,41.4025,2.7094,15.28105853694545,4.493362751007081,-27.8952849578857,1,NA
2015-08-20,3500,M,MO,LOCAL,Fragaria orientalis,139,0.07700216086923535,44.7569,1.9507,22.944020095350385,-0.10586201906204201,-29.156895065307598,1,NA
2015-08-20,3850,A,AO,LOCAL,Primula deflexa,204,0.5155431639969242,41.0457,2.7038,15.180745617279381,1.4130591487884498,-28.452463226318397,1,NA
2015-08-20,3500,M,MO,LOCAL,Fragaria orientalis,136,0.13146007854159344,41.7839,2.4312,17.186533399144455,-0.14079615354538005,-29.030880355835,1,NA
2015-08-20,4100,H,HO,LOCAL,Soroseris hookeriana,232,0.252660036725274,42.9373,2.2852,18.789296341676877,6.37894012451172,-27.9416654968262,1,NA
2015-08-20,3500,M,MO,LOCAL,Lilium lophophorum,152,0.16056089062837642,43.0016,3.0037,14.316210007657224,1.53198391437531,-29.3365673065186,1,NA
2015-08-20,3850,A,AO,LOCAL,Ligusticum scapiforme,188,0.07691494208702883,41.1857,2.4546,16.77898639289497,-1.22010413169861,-27.9752295684814,1,NA
2015-08-20,3850,A,AO,LOCAL,Potentilla stenophylla var. emergens,199,0.1855074082601799,41.6307,2.6856,15.50145218945487,0.09591824173927302,-28.031770782470698,1,NA
2015-08-20,3500,M,MO,LOCAL,Ligusticum scapiforme,149,0.24321260169728415,42.4788,2.9886,14.213611724553303,1.59979602813721,-28.0723251342773,1,NA
2015-08-20,3850,A,AO,LOCAL,Potentilla stenophylla var. emergens,200,0.15634112068868514,44.552,2.4645,18.07750050720227,2.7491740322113003,-27.479747848510698,1,NA
2015-08-20,3500,M,MO,LOCAL,Ligusticum scapiforme,150,0.24398142306678464,41.6964,2.9563,14.104251936542298,1.68557402610779,-28.042187118530297,1,NA
2015-08-20,3500,M,MO,LOCAL,Lilium lophophorum,154,0.12516536348488014,42.3579,2.6379,16.057432048220175,1.16800728559494,-29.312145614623997,1,NA
2015-08-20,3500,M,MO,LOCAL,Lilium lophophorum,155,0.1264529009663682,41.8713,6.1817,6.773428021418056,0.670385689735413,-28.6374992370605,1,NA
2015-08-20,3500,M,MO,LOCAL,Lilium lophophorum,153,0.1175324183201901,43.2964,2.2382,19.344294522384057,0.457138043418527,-27.354912185668898,1,NA
2015-08-20,3500,M,MO,LOCAL,Fragaria orientalis,137,0.06652411653178429,44.1528,1.5406,28.659483318187718,-1.9810164546966604,-28.9696105957031,1,NA
2015-08-20,3500,M,MO,LOCAL,Lilium lophophorum,151,0.13159813956293834,42.4644,1.844,23.028416485900216,0.653238552212715,-27.5673374176025,1,NA
2015-08-20,3500,M,MO,LOCAL,Arisaema parvum,126,0.15955389358470126,45.0434,2.4086,18.70107116167068,-1.2566744613647503,-28.3554216766357,1,NA
2015-08-20,3500,M,MO,LOCAL,Arisaema parvum,127,0.11496401093818555,45.1442,1.4426,31.293636489671425,-0.46434923171997006,-26.919586791992202,1,NA
2015-08-20,3000,L,LO,LOCAL,Rumex nepalensis,120,0.08442742293327984,49.4794,2.5912,19.0951682618092,-0.9169194030761703,-28.4746385955811,1,NA
2016-08-10,3000,L,LO,LOCAL,Carex nubigena,1408,0.06910057127646103,43.69,1.81,24.138121546961322,3.3111160850524897,-28.3113655853271,1,NA
2016-08-10,3000,L,LO,LOCAL,Carex nubigena,1409,0.054843763949759226,44.16,1.68,26.285714285714285,1.19245575428009,-28.4905018615723,1,NA
2016-08-10,3000,L,LO,LOCAL,Cerastium szechuense,1410,0.15023196064578306,40.56063869568704,1.9114708573689196,21.21959565290862,1.77151741504669,-27.852955932617203,1,NA
2016-08-10,3000,L,LO,LOCAL,Clinopodium polycephalum,1415,0.19703640362635383,45.38648714692458,3.1933995596505307,14.21259266156204,4.19683723449707,-30.267232055664103,1,NA
2016-08-10,3000,L,LO,LOCAL,Clinopodium polycephalum,1416,0.13418984138611975,45.78325099135396,2.424318864870777,18.8849955568012,1.5105714082717898,-31.141785736084,1,NA
2016-08-10,3000,L,LO,LOCAL,Clinopodium polycephalum,1417,0.22096990365221816,44.31251986267535,3.2614583204335594,13.586719653919937,1.233162388801575,-30.2097598266602,1,NA
2016-08-10,3000,L,LO,LOCAL,Fargesia spathacea,1432,0.14875303260688222,42.52,3.4,12.505882352941178,0.934158644676209,-28.6091007995605,1,NA
2016-08-10,3000,L,LO,LOCAL,Geranium nepalense,1437,0.2386606708206426,43.597634071121504,2.2341292479106833,19.51437416250345,0.093792456388473,-30.841237182617203,1,NA
2016-08-10,3000,L,LO,LOCAL,Geum aleppicum,1438,0.17738717050495326,44.563033605683486,2.018896821798869,22.072962384465548,0.42019667148590095,-27.532580490112302,1,NA
2016-08-10,3000,L,LO,LOCAL,Juncus prismatocarpus,1444,0.09394806770201797,42.74,2.16,19.787037037037038,7.01544843673706,-27.8024067687988,1,NA
2016-08-10,3000,L,LO,LOCAL,Juncus prismatocarpus,1445,NA,43.35,1.9,22.815789473684212,7.44540916442871,-26.4791683959961,1,NA
2016-08-10,3000,L,LO,LOCAL,Juncus setchuensis,1446,0.032515402689087376,42.09,1.15,36.60000000000001,3.9153940486908,-27.9830651092529,1,NA
2016-08-10,3000,L,LO,LOCAL,Juncus setchuensis,1447,0.026843042149861992,43.34,0.88,49.25000000000001,4.75514219284058,-28.4135289001465,1,NA
2016-08-10,3000,L,LO,LOCAL,Juncus setchuensis,1448,0.03294132894201273,44.28,1.15,38.50434782608696,4.75352619171143,-28.185051422119102,1,NA
2016-08-10,3000,L,LO,LOCAL,Juncus setchuensis,1449,0.026528219411873333,44.31,0.98,45.214285714285715,3.1785969543457,-28.0737213897705,1,NA
2016-08-10,3000,L,LO,LOCAL,Juncus setchuensis,1450,0.0379638130516646,43.06,1.23,35.00813008130081,4.43994353294373,-28.7678971099854,1,NA
2016-08-10,3000,L,LO,LOCAL,Juncus setchuensis,1451,0.02939757522373878,49.96,1.25,39.968,2.41047213554382,-27.8687996673584,1,NA
2016-08-10,3000,L,LO,LOCAL,Poa pratensis,1459,0.11489244739572335,43.16,3.13,13.789137380191693,1.2028580760955798,-28.0482258605957,1,NA
2016-08-10,3000,L,LO,LOCAL,Poa pratensis,1460,0.1611295946053845,43.23,3.64,11.876373626373626,0.949795923233032,-29.1838116455078,1,NA
2016-08-10,3000,L,LO,LOCAL,Polygonum cyanandrum,1462,0.11800536897078948,42.74543926423672,1.8117016191353286,23.594083491870947,2.52038528442383,-30.470233078002902,1,NA
2016-08-10,3000,L,LO,LOCAL,Polygonum runcinatum,1463,0.09935048926732647,44.66206725309072,2.615651951320644,17.074927430823056,4.18337635993958,-29.2679377746582,1,NA
2016-08-10,3000,L,LO,LOCAL,Rumex nepalensis,1469,0.1379703273606734,47.724007678128764,2.431143444498441,19.630272243345352,1.4178559660911558,-27.9148818206787,1,NA
2016-08-10,3000,L,LO,LOCAL,Rumex nepalensis,1470,0.2042305070365572,46.678791676333425,3.390859558119996,13.766064585173703,2.7378293132782,-29.5561763000488,1,NA
2016-08-10,3000,L,LO,LOCAL,Rumex nepalensis,1471,0.21921297970039516,50.31950064950505,3.6673765229569177,13.720843860595378,4.404724464416501,-28.6054698181152,1,NA
2016-08-10,3000,L,LO,LOCAL,Rumex nepalensis,1472,0.08530070306197063,48.33210515191943,3.0623203345870658,15.782837806364467,4.04923872947693,-27.671761627197302,1,NA
2016-08-10,3000,L,LO,LOCAL,Rumex nepalensis,1473,0.16083812829248118,49.44702678179104,2.841006203036233,17.404758472173043,-0.17148931026458697,-28.002347106933602,1,NA
2016-08-10,3000,L,LO,LOCAL,Trifolium repens,1474,0.16473094190296073,43.85348238313673,3.8435898702970634,11.409511384664821,-1.0989262008667002,-27.6194277954102,1,NA
2016-08-10,3000,L,LO,LOCAL,Trifolium repens,1475,0.16884909676651477,42.898865035410516,3.533800824231523,12.13958204470664,-1.07197917938232,-29.4693156433105,1,NA
2016-08-10,3000,L,LO,LOCAL,Trifolium repens,1476,0.17609552341893608,43.5127831951005,3.9360858315285365,11.054835960780556,-1.6124063873291,-27.3590956878662,1,NA
2016-08-10,3000,L,LO,LOCAL,Trifolium repens,1477,0.20668315493821468,44.30405895038455,4.4403483441564005,9.977608853298571,-0.607647969722748,-27.88096534729,1,NA
2016-08-10,3000,L,LO,LOCAL,Trifolium repens,1478,0.20710812969252781,43.183802851422975,3.4621552176354844,12.473098442107345,-1.1102650308609001,-29.002469177246102,1,NA
2016-08-10,3500,M,MO,LOCAL,Fargesia spathacea,1492,0.14693359207874299,43.48,3.34,13.017964071856287,3.3657315826415997,-27.7866158294678,1,NA
2016-08-10,3500,M,MO,LOCAL,Fargesia spathacea,1493,0.11611593133095288,43.31,3.55,12.200000000000001,0.19533545341342698,-28.5013947296143,1,NA
2016-08-10,3500,M,MO,LOCAL,Fargesia spathacea,1494,0.12441522250624996,43.65,3.31,13.187311178247734,1.3112982130050699,-27.5245327758789,1,NA
2016-08-10,3500,M,MO,LOCAL,Fargesia spathacea,1495,0.13444624989176432,41.83,3.16,13.237341772151897,1.1418894386291498,-27.7743859100342,1,NA
2016-08-10,3500,M,MO,LOCAL,Fargesia spathacea,1496,0.13366309969591736,42.15,3.59,11.740947075208913,1.1325038886070251,-28.0589585113525,1,NA
2016-08-10,3500,M,MO,LOCAL,Juncus allioides,1498,0.08132216422960366,43.44,0.88,49.36363636363636,0.327122848033905,-29.4806446838379,1,NA
2016-08-10,3500,M,MO,LOCAL,Malaxis monophyllos,1499,0.14937334914478972,47.331487679148914,2.3352538299597354,20.268241110203,0.447867061197758,-29.526467437744103,1,NA
2016-08-10,3500,M,MO,LOCAL,Malaxis monophyllos,1500,0.20944579008912115,47.29617515989742,2.9028613003045787,16.292950391716936,0.315913933515549,-28.5275698852539,1,NA
2016-08-10,3500,M,MO,LOCAL,Malaxis monophyllos,1501,0.1696167548285608,46.4291183084638,2.5864396509306107,17.950976854131675,1.243718910217285,-29.3374968719482,1,NA
2016-08-10,3500,M,MO,LOCAL,Malaxis monophyllos,1502,0.1722820953366894,46.938941876593155,2.5616896165285787,18.323430588051295,0.288877922296524,-28.856637115478502,1,NA
2016-08-10,3500,M,MO,LOCAL,Malaxis monophyllos,1503,0.15602553097220628,46.867152571761444,2.2038699307859217,21.265843286426687,1.507113802433014,-29.2206641387939,1,NA
2016-08-10,3500,M,MO,LOCAL,Notholirion bulbuliferum,1504,0.10139398204927252,43.72056196387573,2.1749361412888963,20.101998000716627,0.45771621584892297,-26.7501765441895,1,NA
2016-08-10,3500,M,MO,LOCAL,Notholirion bulbuliferum,1505,0.14280854701940235,41.07010262252677,2.021945469087341,20.312171248151838,1.740578074455261,-26.3808089447021,1,NA
2016-08-10,3500,M,MO,LOCAL,Notholirion bulbuliferum,1506,0.1379116220699326,40.77921800846413,2.0585500092379183,19.809680515636693,2.9970431804657,-26.0695391845703,1,NA
2016-08-10,3500,M,MO,LOCAL,Notholirion bulbuliferum,1507,0.08824412592536762,41.71220484825275,1.8911852182262103,22.056118272421603,1.6753591489791868,-26.0172053527832,1,NA
2016-08-10,3500,M,MO,LOCAL,Poa pratensis,1508,0.11100232308401785,43.26,2.81,15.395017793594304,-0.374055936336517,-26.0387787628174,1,NA
2016-08-10,3500,M,MO,LOCAL,Poa pratensis,1509,0.10548043491562013,43.21,1.95,22.15897435897436,-0.91589666843414,-27.4305176544189,1,NA
2016-08-10,3500,M,MO,LOCAL,Poa pratensis,1510,0.12479662222170484,43.66,2.36,18.5,0.498667613267899,-25.1162838745117,1,NA
2016-08-10,3500,M,MO,LOCAL,Poa pratensis,1511,0.14034911444497683,43.63,2.96,14.739864864864867,1.4668888902664199,-24.7420182037354,1,NA
2016-08-10,3500,M,MO,LOCAL,Poa pratensis,1512,0.11185369742183847,43.31,1.83,23.666666666666668,-0.47368444442749,-26.5296349334717,1,NA
2016-08-10,3500,M,MO,LOCAL,Poa pratensis,1513,0.132289498081509,43.24,2.04,21.19607843137255,1.18950751781464,-26.3912075042725,1,NA
2016-08-10,3500,M,MO,LOCAL,Primula serratifolia,1514,0.11775108584765517,NA,NA,NA,NA,NA,1,NA
2016-08-10,3500,M,MO,LOCAL,Viola szetschwanensis,1519,0.11344542015245589,41.051375884865394,2.2446217383919405,18.28877230525034,0.503101977705955,-27.7484580230713,1,NA
2016-08-10,3500,M,MO,LOCAL,Viola szetschwanensis,1520,0.1240741556830638,38.76241647528461,2.2583996619859095,17.163665549435624,-0.67019839286804,-28.5935832214355,1,NA
2016-08-11,3000,L,H1,3,Persicaria vivipara,1206,0.22503125486606146,43.5581,2.7246,15.98697056448653,-0.63974814653396594,-29.4430964660645,1,NA
2016-08-11,3000,L,H1,3,Potentilla leuconota,1205,0.13680375738907705,41.7685,1.5405,27.11359948068809,2.03619186401367,-28.629127807617202,1,NA
2016-08-11,3000,L,H1,3,Veronica szechuanica,1204,0.12301373048928872,44.6845,2.3265,19.206748334407912,-0.283575999736786,-27.8741858673096,1,NA
2016-08-11,3000,L,H2,3,Hypericum wightianum,1207,0.10800413544564459,46.0586,2.7022,17.044852342535712,-1.18271903991699,-29.5561221313477,1,NA
2016-08-11,3000,L,H3,3,Plantago asiatica,1208,0.16570070277919963,41.7492,2.7038,15.440934980397959,0.827876100540161,-26.9598391723633,1,NA
2016-08-11,3000,L,H3,3,Veronica szechuanica,1209,0.12847627354504898,44.3161,2.6552,16.69030581500452,-0.641737987995148,-28.9437888336182,1,NA
2016-08-11,3000,L,H4,3,Plantago asiatica,1210,0.1329866711094207,41.6777,2.2025,18.922905788876278,-0.42955719232559203,-29.926689453125,1,NA
2016-08-11,3000,L,H6,3,Plantago asiatica,1212,0.1747833277667593,42.6078,2.532,16.82772511848341,1.009796929359436,-27.8014052581787,1,NA
2016-08-11,3000,L,H6,3,Persicaria vivipara,1211,0.1863671914885799,44.0647,3.0185,14.598211031969521,0.752081344127655,-29.6190989685059,1,NA
2016-08-11,3000,L,H7,3,Plantago asiatica,1214,0.13291409453317718,42.5035622203696,2.4236,17.53736681810926,1.391124088764191,-26.4730403137207,1,NA
2016-08-11,3000,L,H7,3,Persicaria vivipara,1213,0.17863318958564287,45.67134921495068,2.7753,16.456364794779187,1.70745493888855,-28.8822543334961,1,NA
2016-08-11,3000,L,H7,3,Potentilla leuconota,1215,0.18402062751436063,46.347380839238575,2.8632,16.187266289200398,1.63375164985657,-28.556706161498997,1,NA
2016-08-11,3000,L,L1,C,Plantago asiatica,1240,0.12203182483911264,42.34808680005559,NA,3.1220482446480875,0.022571792602538943,-27.5722167205811,1,NA
2016-08-11,3000,L,L1,C,Potentilla leuconota,1239,0.18754936350833767,47.37782530220925,2.6331,17.993173560521534,0.744263784885407,-28.803280563354498,1,NA
2016-08-11,3000,L,L1,OTC,Potentilla leuconota,1307,0.1095202010731394,49.7257225219058,2.3195,21.43812137180677,1.168713686466217,-28.139745941162097,1,NA
2016-08-11,3000,L,L2,0,Potentilla leuconota,1005,0.15296827517510486,44.34625082827224,1.2533032675195208,35.38349574085151,1.9084943580627398,-27.0204990386963,1,NA
2016-08-11,3000,L,L2,C,Potentilla leuconota,1241,0.09715714909982084,48.50329349729054,4.0914,11.854938040106209,0.07563759803772002,-27.644730300903298,1,NA
2016-08-11,3000,L,L2,OTC,Potentilla leuconota,1308,0.18233592737740595,49.39810896768894,2.4858,19.872117212844536,1.13101434230804,-29.2811014556885,1,NA
2016-08-11,3000,L,L3,0,Plantago asiatica,1008,0.05593447409012589,43.68186338114568,1.5458698872643686,28.257141005862277,0.06973535180091903,-27.7215259552002,1,NA
2016-08-11,3000,L,L3,0,Potentilla leuconota,1007,0.13487129953460658,44.428409233952294,1.6561524606294318,26.82627975993646,0.701088044643402,-27.5903747558594,1,NA
2016-08-11,3000,L,L3,C,Potentilla leuconota,1242,0.1304747629886336,48.252102903987776,NA,3.195651646366903,0.5571438539028171,-28.3059985351562,1,NA
2016-08-11,3000,L,L3,OTC,Plantago asiatica,1310,0.0983128706018943,47.76558901971522,2.3409,20.404796881419635,-0.7298063659667999,-28.0936491394043,1,NA
2016-08-11,3000,L,L3,OTC,Potentilla leuconota,1309,0.13181692186136432,49.296593537787516,2.7026,18.240432745425707,1.75523018360138,-28.304094543456998,1,NA
2016-08-11,3000,L,L4,C,Epilobium fangii,1245,0.14034894868794417,46.77874116993192,NA,2.998003061527492,-2.42808411598206,-28.215634078979498,1,NA
2016-08-11,3000,L,L4,C,Plantago asiatica,1244,0.07514171967975843,42.86321025427261,1.8658,22.973100147000007,-0.14867568969726602,-27.719010086059598,1,NA
2016-08-11,3000,L,L4,C,Potentilla leuconota,1243,0.11551332240201158,47.49932134222593,NA,5.261858331272051,0.10995449542999303,-28.6527640533447,1,NA
2016-08-11,3000,L,L4,OTC,Plantago asiatica,1312,0.11188336641906217,44.06811091182913,1.9066,23.11345374584555,2.6169179058075,-28.5309088134766,1,NA
2016-08-11,3000,L,L4,OTC,Potentilla leuconota,1311,0.11514453628802558,49.83521903066812,2.163,23.039860855602463,1.169356701374054,-28.4810526275635,1,NA
2016-08-11,3000,L,L5,0,Plantago asiatica,1013,0.1732678408420192,44.47137505505309,2.5130831839422663,17.69594231468732,-0.131775854825974,-30.3603904724121,1,NA
2016-08-11,3000,L,L5,0,Potentilla leuconota,1012,0.18052106179348282,46.037484159424196,1.732285512008557,26.576152626274915,1.09741899728775,-29.4400642395019,1,NA
2016-08-11,3000,L,L5,0,Potentilla leuconota,1014,0.12237351012904413,47.6096294924027,1.408865203354807,33.79289188137664,0.536307740807533,-28.1863735198975,1,BlockID L5 and L6 merged
2016-08-11,3000,L,L5,C,Potentilla leuconota,1246,0.09768166472268823,48.05603002639989,NA,3.9217566960509793,1.52858539104462,-28.2529990386963,1,NA
2016-08-11,3000,L,L6,C,Plantago asiatica,1247,0.11644052194409861,43.269086049742945,2.2873,18.917101407660972,1.91605331420898,-27.189408035278298,1,NA
2016-08-11,3000,L,L6,C,Potentilla leuconota,1248,0.18295442159800482,47.81679148256219,2.8929,16.529016378914648,4.77125885009766,-27.942173690795897,1,NA
2016-08-11,3000,L,L6,OTC,Potentilla leuconota,1314,0.14900203264966447,45.0103,2.7395,16.43011498448622,2.5316289806366,-28.0604028320312,1,NA
2016-08-11,3000,L,L7,C,Plantago asiatica,1250,0.08754217115142865,43.48649481728498,NA,3.294007197352233,0.025898149013518945,-27.4945456695557,1,NA
2016-08-11,3000,L,L7,C,Potentilla leuconota,1249,0.14964375316220915,47.098483187439214,NA,3.3773732503021963,1.4824008536338809,-27.6485316467285,1,NA
2016-08-11,3000,L,M1,1,Geranium pylzowianum,1078,0.2746466754570204,44.5426,2.4504,18.177685275873326,-1.68979982376099,-28.3538667297363,1,NA
2016-08-11,3000,L,M1,1,Pedicularis davidii,1079,0.3748216984914824,43.532,2.7917,15.593366049360602,0.686921555995941,-29.8607884979248,1,NA
2016-08-11,3000,L,M1,1,Plantago asiatica,1077,0.12254264422663404,42.6722,2.1023,20.29786424392332,-0.38960228204727193,-27.2729894256592,1,NA
2016-08-11,3000,L,M1,1,Potentilla leuconota,1080,0.14866007539965592,44.688,2.3009,19.421965317919078,-0.8893629693985001,-29.8572980499268,1,NA
2016-08-11,3000,L,M2,1,Geranium pylzowianum,1083,0.3993964160875886,45.3973,2.9169,15.563543487949536,-0.642384033203125,-28.0544091796875,1,NA
2016-08-11,3000,L,M2,1,Veronica szechuanica,1085,0.24231200913850207,44.2141,2.3319,18.96054719327587,0.696593872308731,-29.953830871582,1,NA
2016-08-11,3000,L,M3,1,Artemisia flaccida,1086,0.4239359553920458,43.3308,3.2702,13.250198764601555,-0.539051632881165,-32.4911157226562,1,NA
2016-08-11,3000,L,M3,1,Epilobium fangii,1089,0.24847259414536305,46.5977,3.0421,15.317609546037279,-0.9073645877838099,-29.5879155731201,1,NA
2016-08-11,3000,L,M3,1,Geranium pylzowianum,1088,0.2653427175482294,45.2608,2.6938,16.80184126512733,0.13557407677173602,-28.0226651763916,1,NA
2016-08-11,3000,L,M3,1,Potentilla leuconota,1087,0.22798070416911917,44.8993,2.6878,16.70485155145472,-0.7341371583938601,-28.438223037719702,1,NA
2016-08-11,3000,L,M4,1,Geranium pylzowianum,1090,0.24486334200886228,45.0779,2.3134,19.48556237572404,-0.17300186395645095,-31.436657104492202,1,NA
2016-08-11,3000,L,M4,1,Plantago asiatica,1091,0.11911028149008676,43.8409,1.8269,23.997427335924243,-0.6546783828735401,-28.8338681793213,1,NA
2016-08-11,3000,L,M5,1,Artemisia flaccida,1095,0.44175026548623103,43.4391,3.5258,12.320352827727042,4.65878059387207,-29.8942395782471,1,NA
2016-08-11,3000,L,M5,1,Geranium pylzowianum,1094,0.39410735758911936,45.2551,2.8876,15.672219143925751,3.05796577453613,-29.1281568145752,1,NA
2016-08-11,3000,L,M5,1,Potentilla leuconota,1092,0.26139821952430264,44.5702,2.2558,19.758045926057274,2.98712464332581,-28.0825769042969,1,NA
2016-08-11,3000,L,M6,1,Geranium pylzowianum,1098,0.2704650427686287,46.1549,2.643,17.46307226636398,1.3334021186828608,-28.2474691009521,1,NA
2016-08-11,3000,L,M6,1,Potentilla leuconota,1097,0.20958834429093737,46.0469,2.4509,18.787751438247177,0.659654698371887,-29.1248532867432,1,NA
2016-08-11,3000,L,M7,1,Geranium pylzowianum,1099,0.3591507383469954,43.2383,2.4206,17.862637362637365,-0.05707690954208394,-33.4560815429687,1,NA
2016-08-11,3000,L,M7,1,Plantago asiatica,1100,0.20938209566226673,41.3417,2.2204,18.619032606737523,0.40405165687203404,-29.8692399597168,1,NA
2016-08-11,3000,L,M7,1,Potentilla leuconota,1101,0.2977040102825628,46.9989,2.9557,15.901106336908345,1.31001271724701,-28.2548333740234,1,NA
2016-08-11,3500,M,MO,LOCAL,Carpesium humile,1527,0.08517637612333205,43.39834194972563,2.0761998291838273,20.902776958028124,-0.09088949441909805,-28.635649795532203,1,NA
2016-08-11,3500,M,MO,LOCAL,Clinopodium polycephalum,1528,0.14334484431372918,45.64150948194464,2.7220171135637563,16.767532156397518,0.584539006650448,-29.2702285003662,1,NA
2016-08-11,3500,M,MO,LOCAL,Fragaria orientalis,1532,0.07471527189911005,44.460570683083304,1.7356827552896206,25.61560892829433,0.06816341400146492,-28.4184104156494,1,NA
2016-08-11,3500,M,MO,LOCAL,Hemiphragma heterophyllum,1536,0.057129050925479756,46.971309669130356,1.2555531655562333,37.41084882560206,-0.49078402996063014,-28.9081469726562,1,NA
2016-08-11,3500,M,MO,LOCAL,Microula sikkimensis,1539,0.10289796186559703,37.39746089593051,2.1696576429665595,17.236572330737484,2.45855395793915,-30.6833811950684,1,NA
2016-08-11,3500,M,MO,LOCAL,Microula sikkimensis,1540,0.1627073280353207,39.893517299601484,3.6351546505215038,10.974365916970909,0.8599760389328,-30.861348266601603,1,NA
2016-08-11,3500,M,MO,LOCAL,Parasenecio latipes,1542,0.12916340859160466,41.85900940003981,1.6392059526087939,25.536150191146668,-1.4409513282775903,-29.723437423706102,1,NA
2016-08-11,3500,M,MO,LOCAL,Parasenecio latipes,1543,0.12787330402547772,42.679567204673695,1.7164147056347534,24.86553340784284,-2.07385418891907,-30.0234729003906,1,NA
2016-08-11,3500,M,MO,LOCAL,Parasenecio latipes,1544,0.14066017150128085,42.49863836875669,1.8650315506964292,22.787088160994966,-1.6983394432067904,-29.6422587585449,1,NA
2016-08-11,3500,M,MO,LOCAL,Parasenecio latipes,1545,0.14933960183356312,42.807642321436376,2.0380284770794277,21.004437770556255,-1.9909772682189903,-29.549084777832,1,NA
2016-08-11,3500,M,MO,LOCAL,Parasenecio latipes,1546,0.1425447917524802,42.36536680980633,1.7513256178993282,24.19045686125607,-1.80265853881836,-29.7104941558838,1,NA
2016-08-11,3500,M,MO,LOCAL,Polygonum cyanandrum,1548,0.1510368844762196,41.5068,1.5998000000000001,25.944993124140513,5.56573209762573,-30.280456237793,1,NA
2016-08-11,3500,M,MO,LOCAL,Rhodiola yunnanensis,1558,0.1641805448597562,43.6265,3.2156,13.567141435501929,1.26646954059601,-30.174176864624,1,NA
2016-08-11,3500,M,MO,LOCAL,Rhodiola yunnanensis,1559,0.10048905530885616,43.5518,2.5895,16.818613631975285,0.228571836948395,-28.8152043151855,1,NA
2016-08-11,3500,M,MO,LOCAL,Swertia macrosperma,1561,0.06911869644755689,45.0063,2.697,16.68754171301446,1.6680312204360999,-30.6688477325439,1,NA
2016-08-11,3500,M,MO,LOCAL,Trifolium repens,1563,0.3693324466429707,43.6949,4.0838,10.699569028845682,-0.88383620738983,-28.5088688659668,1,NA
2016-08-12,3850,A,A4,OTC,Epilobium fangii,1316,0.09072369185721552,44.3096,1.6773,26.417218148214396,-2.42318768501282,-29.1064748382568,1,NA
2016-08-12,3850,A,A4,OTC,Viola biflora var. rockiana,1317,0.1682030758525408,40.1494,1.9416,20.67851256695509,-1.52343945026398,-32.8524331665039,1,NA
2016-08-12,3500,M,A1,1,Persicaria vivipara,1103,0.22073804907764738,45.6129,2.4908,18.312550184679623,0.351603713333607,-29.5173417663574,1,NA
2016-08-12,3500,M,A1,1,Potentilla leuconota,1106,0.22736650537460823,44.9558,2.4812,18.11857165887474,0.26690795183181804,-28.6153203582764,1,NA
2016-08-12,3500,M,A1,1,Veronica szechuanica,1105,0.17678719988564245,42.0916,1.9746,21.31651980147878,-0.7440172815322901,-30.4638597106934,1,NA
2016-08-12,3500,M,A2,1,Geranium pylzowianum,1111,0.17805478210892825,46.0068,2.4077,19.108194542509448,-2.43161317825317,-29.4953868865967,1,NA
2016-08-12,3500,M,A2,1,Persicaria vivipara,1109,0.29403141849789,45.8752,2.5144,18.244988864142538,0.478278453499079,-29.0531198120117,1,NA
2016-08-12,3500,M,A2,1,Potentilla leuconota,1108,0.21197193560945374,45.1447,2.4858,18.161034676965162,-1.04675368309021,-27.5284101104736,1,NA
2016-08-12,3500,M,A3,1,Epilobium fangii,1113,0.1335189108997673,45.38,2.3717,19.133954547371083,0.42808282256126395,-31.6416843414307,1,NA
2016-08-12,3500,M,A3,1,Geranium pylzowianum,1112,0.17179041059264485,44.6832,2.3254,19.215274791433732,-1.0924062442779503,-29.1462944030762,1,NA
2016-08-12,3500,M,A3,1,Persicaria vivipara,1115,0.14806945858780193,45.405,2.374,19.125947767481044,1.17349752664566,-28.9930561065674,1,NA
2016-08-12,3500,M,A3,1,Potentilla leuconota,1110,0.0987345632479288,41.629,2.362,17.624470787468244,-0.11725953340530398,-29.049229431152302,1,NA
2016-08-12,3500,M,A4,1,Geranium pylzowianum,1117,0.17166562002486288,45.4675,2.5065,18.139836425294234,-1.0715567779541,-28.2566745758057,1,NA
2016-08-12,3500,M,A4,1,Pedicularis davidii,1118,0.18669515461922337,43.6892,3.0007,14.559669410470889,-0.7108615970611599,-30.1899402618408,1,NA
2016-08-12,3500,M,A4,1,Potentilla leuconota,1116,0.10174895500126165,44.6541,2.0686,21.586628637725997,-1.31111332893372,-29.0415542602539,1,NA
2016-08-12,3500,M,A5,1,Geranium pylzowianum,1120,0.26221407699280674,45.8716,3.1654,14.491565047071461,-1.2565498685836802,-29.507269668579102,1,NA
2016-08-12,3500,M,A5,1,Potentilla leuconota,1119,0.13636265260582003,44.6906,2.5841,17.294454548972567,-0.02495309829711906,-29.9921577453613,1,NA
2016-08-12,3850,A,A6,0,Geranium pylzowianum,1020,0.15676473502153887,46.06231729477334,1.9655130535266976,23.43526399487617,-3.55469259262085,-28.6785800933838,1,NA
2016-08-12,3500,M,A6,1,Pedicularis davidii,1124,0.3107325780359731,43.4482,2.7065,16.05327914280436,-1.27852675437927,-29.6333263397217,1,NA
2016-08-12,3500,M,A6,1,Persicaria vivipara,1122,0.15214842665621356,46.2962,2.528,18.313370253164557,-0.05049118757247906,-27.9252841949463,1,NA
2016-08-12,3500,M,A6,1,Potentilla leuconota,1123,0.12511803049435227,45.3311,2.4063,18.838507251797367,-1.30557605743408,-28.3100193023682,1,NA
2016-08-12,3500,M,A6,1,Veronica szechuanica,1121,0.0998732255738141,42.1699,1.7173,24.55593082163862,-1.09239387512207,-29.865320968627902,1,NA
2016-08-12,3500,M,A7,1,Geranium pylzowianum,1126,0.1732509979307432,45.7479,2.5576,17.88704253988114,-1.3680834484100304,-28.3554676055908,1,NA
2016-08-12,3500,M,A7,1,Persicaria vivipara,1125,0.18040335272202238,45.6765,2.6006,17.563831423517648,1.154511122703552,-29.053870010376002,1,NA
2016-08-12,3500,M,A7,1,Veronica szechuanica,1127,0.09977528668307487,41.6967,1.6654,25.037048156599017,-2.06670022010803,-29.878575134277302,1,NA
2016-08-12,3500,M,L1,2,Geranium pylzowianum,1144,0.16092211873214368,45.9886,2.4516,18.75860662424539,-1.31119176864624,-28.1804111480713,1,NA
2016-08-12,3500,M,L1,2,Hypericum wightianum,1146,0.11849033214574876,48.2326,3.073,15.695606898795964,-0.7441997861862201,-30.7031143188477,1,NA
2016-08-12,3500,M,L1,2,Pedicularis davidii,1145,0.26972338162991055,43.8949,2.9411,14.924654041005066,0.6131639258563519,-30.5380695343018,1,NA
2016-08-12,3500,M,L1,2,Potentilla leuconota,1147,0.11323816301512667,47.0401,2.1799,21.579017386118633,0.854151508510113,-30.5877902984619,1,NA
2016-08-12,3500,M,L2,2,Pedicularis davidii,1148,0.1733971156820967,45.9206,3.5595,12.90085686191881,1.1264456772804259,-29.3424823760986,1,NA
2016-08-12,3500,M,L2,2,Potentilla leuconota,1149,0.11650966124900536,45.885,2.0313,22.588982425048,0.37260219335556,-30.9591701507568,1,NA
2016-08-12,3500,M,L3,2,Plantago asiatica,1150,0.19413365626890816,44.7413,2.578,17.355042668735457,1.549235846996307,-31.3218410491943,1,NA
2016-08-12,3500,M,L3,2,Potentilla leuconota,1151,0.12779423840201196,46.3166,2.3494,19.71422490848727,0.0026442694664000066,-29.658200073242202,1,NA
2016-08-12,3500,M,L4,2,Epilobium fangii,1153,0.14233375865945097,44.9635,2.6291,17.10224031037237,-0.20292793273925802,-30.474244003295897,1,NA
2016-08-12,3500,M,L4,2,Geranium pylzowianum,1154,0.19146592297344758,45.4094,2.7693,16.39742895316506,-0.5529235458374,-28.2463520812988,1,NA
2016-08-12,3500,M,L4,2,Potentilla leuconota,1152,0.1645666941594241,46.6125,2.7904,16.704594323394495,0.6546837132051591,-30.672516708373998,1,NA
2016-08-12,3500,M,L5,2,Potentilla leuconota,1155,0.1445827817635451,46.6511,2.7105,17.21125253643239,0.33037106633186303,-30.1211098480225,1,NA
2016-08-12,3500,M,L6,2,Geranium pylzowianum,1156,0.1863205774275857,45.7149,2.3753,19.245947880267753,-1.5056682682037301,-30.366274719238298,1,NA
2016-08-12,3500,M,L6,2,Pedicularis davidii,1158,0.2722695673047231,42.25,2.8542,14.802746829234112,-0.297313854694367,-31.455893402099598,1,NA
2016-08-12,3500,M,L6,2,Potentilla leuconota,1157,0.11094193368266406,46.0006,2.3243,19.791162930774856,0.54569543838501,-30.324076538085897,1,NA
2016-08-12,3500,M,L7,2,Plantago asiatica,1160,0.10536815707860607,41.9354,1.4894,28.155901705384718,-1.02921642303467,-30.8329094696045,1,NA
2016-08-12,3500,M,L7,2,Potentilla leuconota,1159,0.10728984605689958,46.8687,2.4656,19.00904445165477,-1.20452247619629,-30.4975842285156,1,NA
2016-08-12,3500,M,M1,0,Geranium pylzowianum,1024,0.19338829063836138,47.08954371227019,2.7284345193362074,17.258813938377553,-1.12831535816193,-27.9915340423584,1,NA
2016-08-12,3500,M,M1,0,Pedicularis davidii,1023,0.28191425147409094,45.08749928537557,3.119464557953094,14.453602035780376,-0.562570540904999,-29.944832611084,1,NA
2016-08-12,3500,M,M1,C,Pedicularis davidii,1251,0.16051164998821837,43.37655571766014,NA,4.2807642153440915,-0.523690803050995,-29.1756713104248,1,NA
2016-08-12,3500,M,M1,C,Potentilla leuconota,1252,0.13814186919383623,46.31241368625816,NA,3.113104720585225,-0.4796517300605769,-28.794197769165,1,NA
2016-08-12,3500,M,M1,OTC,Artemisia flaccida,1322,0.1546129162364732,41.6376,2.2536,18.476038338658146,0.332894194098189,-30.9249410247803,1,NA
2016-08-12,3500,M,M1,OTC,Epilobium fangii,1320,0.12397917503034366,45.8495,3.2244,14.219544721498572,-0.17830948352813697,-30.107077560424802,1,NA
2016-08-12,3500,M,M1,OTC,Geranium pylzowianum,1318,0.19280714720740702,44.107,2.6967,16.35591649052546,-1.34384994029999,-28.4976968383789,1,NA
2016-08-12,3500,M,M1,OTC,Hypericum wightianum,1319,0.12194728949002578,46.3353,3.5561,13.029807935659852,-1.24294732570648,-30.3961438751221,1,NA
2016-08-12,3500,M,M1,OTC,Potentilla leuconota,1321,0.12098475559276399,41.5714,2.0778,20.00741168543652,0.28496337115764603,-28.8381757354736,1,NA
2016-08-12,3500,M,M2,0,Geranium pylzowianum,1025,0.15391638047025497,45.9712,2.6615,17.272665789968062,-2.14206408500671,-28.235376663208,1,NA
2016-08-12,3500,M,M2,C,Artemisia flaccida,1253,0.15115051757024553,46.11120439071836,NA,3.1839037459239616,-1.5254547405242902,-30.734627456665,1,NA
2016-08-12,3500,M,M2,C,Geranium pylzowianum,1255,0.1421913908417676,46.3268,2.7827,16.648147482660725,-2.5102703189849898,-28.3791436767578,1,NA
2016-08-12,3500,M,M2,C,Pedicularis davidii,1256,0.19789708362136837,44.309,3.3035,13.412744059331011,-0.71230676174164,-29.2263650512695,1,NA
2016-08-12,3500,M,M2,C,Potentilla leuconota,1254,0.0996511635544024,46.2143,2.4346,18.982296886552206,-1.3599191522598302,-29.0735921478271,1,NA
2016-08-12,3500,M,M2,OTC,Artemisia flaccida,1327,0.14419098463172336,43.6367,2.6911,16.21519081416521,-0.6645171475410461,-31.3321103668213,1,NA
2016-08-12,3500,M,M2,OTC,Epilobium fangii,1324,0.09673893279350229,44.6923,2.6418,16.917366946778714,-1.4785981607437102,-29.8050717926025,1,NA
2016-08-12,3500,M,M2,OTC,Hypericum wightianum,1325,0.12272740999398957,46.7635,3.7212,12.566779533483823,-2.3498552894592297,-29.9059209442139,1,NA
2016-08-12,3500,M,M2,OTC,Potentilla leuconota,1326,0.1415196250714536,43.0839,2.4142,17.846035953939193,-0.8382889461517302,-30.249606094360402,1,NA
2016-08-12,3500,M,M2,OTC,Veronica szechuanica,1328,0.08863177086140904,44.15,2.3162,19.06139366203264,0.9142904448509219,-27.9518441772461,1,NA
2016-08-12,3500,M,M3,0,Geranium pylzowianum,1029,0.16432791192363416,46.7943,2.9817,15.693832377502767,-2.38327973365784,-27.5066893768311,1,NA
2016-08-12,3500,M,M3,0,Pedicularis davidii,1027,0.24180664525035853,43.9638,2.4343,18.06014049213326,-0.73805784225464,-30.8888133239746,1,NA
2016-08-12,3500,M,M3,0,Potentilla leuconota,1028,0.11074241920862264,43.6903,2.1671,20.160721701813483,-0.4345317387580871,-29.503443069458,1,NA
2016-08-12,3500,M,M3,0,Veronica szechuanica,1030,0.08741951140266346,42.5496,2.0496,20.759953161592506,-2.6411697769165,-30.2702925872803,1,NA
2016-08-12,3500,M,M3,C,Geranium pylzowianum,1259,0.16508104764221226,46.1917,2.6756,17.264052922708924,-3.7164659118652397,-28.2659043884277,1,NA
2016-08-12,3500,M,M3,C,Pedicularis davidii,1258,0.25352766852276526,43.9372,3.0684,14.319254334506581,-1.59675767421722,-29.9239892578125,1,NA
2016-08-12,3500,M,M3,C,Potentilla leuconota,1257,0.11969011399695287,45.0289,2.4307,18.525075081252314,-0.82385685443878,-28.919964752197302,1,NA
2016-08-12,3500,M,M3,OTC,Epilobium fangii,1329,0.10297501050194192,45.174,2.7915,16.182697474476086,-0.79517154216766,-28.783558807373,1,NA
2016-08-12,3500,M,M3,OTC,Geranium pylzowianum,1331,0.15684180686701846,46.2492,2.64,17.518636363636364,-1.3142955732345603,-29.8732175445557,1,NA
2016-08-12,3500,M,M3,OTC,Potentilla leuconota,1332,0.19910425511694535,44.0527,2.681,16.431443491234614,0.46992530107498204,-29.606131515502902,1,NA
2016-08-12,3500,M,M4,0,Artemisia flaccida,1033,0.12042804602909096,43.528,2.2438,19.39923344326589,-2.4236183071136503,-31.9371321868896,1,NA
2016-08-12,3500,M,M4,0,Veronica szechuanica,1034,0.062150196573643054,42.6211,2.133,19.981762775433662,-2.69718648910522,-30.573776550293,1,NA
2016-08-12,3500,M,M4,C,Artemisia flaccida,1261,0.132187039933874,44.3073,2.2867,19.376087812131015,-2.17193695068359,-30.160065612793,1,NA
2016-08-12,3500,M,M4,C,Geranium pylzowianum,1263,0.1885750741110941,46.1262,2.7932,16.513747672919948,-2.88596387863159,-27.3792066192627,1,NA
2016-08-12,3500,M,M4,C,Geranium pylzowianum,1264,0.1898150497076834,46.5465,2.7587,16.872621162141588,-2.77100416183472,-27.7719335174561,1,NA
2016-08-12,3500,M,M4,C,Pedicularis davidii,1260,0.28559604395598404,43.7774,3.1785,13.77297467358817,-1.55105295181274,-28.883885345459,1,NA
2016-08-12,3500,M,M4,C,Potentilla leuconota,1262,0.14072578993327156,45.7699,2.848,16.070891853932586,-0.19424071311950697,-28.5745801544189,1,NA
2016-08-12,3500,M,M4,OTC,Artemisia flaccida,1337,0.10105172425191813,43.4891,2.4402,17.82194082452258,0.311724120676517,-30.4923886871338,1,NA
2016-08-12,3500,M,M4,OTC,Epilobium fangii,1333,0.07540995159875284,46.0588,2.5489,18.070069441719955,-1.7975584697723401,-29.874909362793,1,NA
2016-08-12,3500,M,M4,OTC,Geranium pylzowianum,1334,0.12592740275985786,46.2828,2.6567,17.42116159144804,-1.20596353530884,-29.647116622924802,1,NA
2016-08-12,3500,M,M4,OTC,Pedicularis davidii,1336,0.20922496799854587,44.3339,2.8289,15.671780550744106,-0.14371098399162296,-29.882872543335,1,NA
2016-08-12,3500,M,M4,OTC,Potentilla leuconota,1335,0.1180657611773801,43.7494,2.4675,17.730253292806488,-0.48559127569198596,-29.845583877563502,1,NA
2016-08-12,3500,M,M5,0,Geranium pylzowianum,1035,0.14386187917105406,46.476,2.4405,19.043638598647817,-2.9796340370178203,-27.953846282959,1,NA
2016-08-12,3500,M,M5,0,Pedicularis davidii,1036,0.16649446875617294,44.2091,2.2396,19.73973030898375,-2.38506769180298,-29.0596793365478,1,NA
2016-08-12,3500,M,M5,C,Artemisia flaccida,1265,0.12601667100440983,44.3987,2.1916,20.258578207702133,-2.30424471855164,-30.8164682006836,1,NA
2016-08-12,3500,M,M5,C,Geranium pylzowianum,1267,0.1414766543687067,46.8757,2.294,20.43404533565824,-3.5378708457946804,-28.053347549438502,1,NA
2016-08-12,3500,M,M5,C,Pedicularis davidii,1266,0.3142999369218151,44.4295,2.9931,14.84397447462497,-1.37064828872681,-29.3041925048828,1,NA
2016-08-12,3500,M,M5,C,Potentilla leuconota,1268,0.11945880610516971,45.8031,2.2125,20.701966101694918,-1.8369283294677698,-26.7905644989014,1,NA
2016-08-12,3500,M,M5,OTC,Artemisia flaccida,1341,0.11768609026535799,43.318600000000004,2.2563,19.198954039799673,3.3945572853088404,-31.2907991027832,1,NA
2016-08-12,3500,M,M5,OTC,Epilobium fangii,1342,0.1333716287456344,45.5935,2.2935,19.879441901024634,-1.5525855255127001,-29.1145829772949,1,NA
2016-08-12,3500,M,M5,OTC,Geranium pylzowianum,1339,0.14630660140485047,46.0456,2.1473,21.443487169934336,-2.26406116485596,-29.1076192474365,1,NA
2016-08-12,3500,M,M5,OTC,Hypericum wightianum,1338,0.1270226050905845,46.8417,3.7294,12.56011690888615,-1.79865132331848,-30.1025151824951,1,NA
2016-08-12,3500,M,M5,OTC,Potentilla leuconota,1340,0.15396546207000814,45.6868,2.7889,16.381655849976692,0.222773896455765,-28.800385437011702,1,NA
2016-08-12,3500,M,M6,0,Geranium pylzowianum,1039,0.15050665883739717,46.4009,2.7568,16.831434997098086,-4.50248783111572,-28.8714736175537,1,NA
2016-08-12,3500,M,M6,0,Hypericum wightianum,1040,0.10658402934794134,48.7593,3.3487,14.56066533281572,-2.4117328453064,-30.5670245361328,1,NA
2016-08-12,3500,M,M6,0,Pedicularis davidii,1038,0.23502630762944748,45.3607,2.8857,15.719132272932045,-2.32427661895752,-29.324487991333,1,NA
2016-08-12,3500,M,M6,C,Artemisia flaccida,1269,0.1024622451070391,44.4537,2.451,18.136964504283963,-0.4821874713897701,-31.210381469726602,1,NA
2016-08-12,3500,M,M6,C,Epilobium fangii,1272,0.09249467875212072,47.4694,2.6173,18.13678218010927,1.019041248559952,-31.7864427185059,1,NA
2016-08-12,3500,M,M6,C,Geranium pylzowianum,1271,0.16434314307814446,46.9525,2.6104,17.98670701808152,-1.1304670810699502,-28.754061660766602,1,NA
2016-08-12,3500,M,M6,C,Pedicularis davidii,1270,0.18767678580225927,44.7829,3.4099,13.133200387108126,-0.512895429134369,-29.4754800415039,1,NA
2016-08-12,3500,M,M6,C,Potentilla leuconota,1273,0.12732328057174072,46.1196,2.3417,19.694922492206516,1.013489195108414,-29.4336824035645,1,NA
2016-08-12,3500,M,M6,OTC,Artemisia flaccida,1345,0.123750455532344,43.8369,2.0459,21.42670707268195,0.55400856230408,-30.8165902709961,1,NA
2016-08-12,3500,M,M6,OTC,Epilobium fangii,1344,0.11754029507780075,46.0281,2.2944,20.061061715481173,-0.549530966281891,-28.7173928833008,1,NA
2016-08-12,3500,M,M6,OTC,Geranium pylzowianum,1347,0.147740862460249,44.6433,2.1243,21.015534529021327,-1.04631702423096,-29.8075246429443,1,NA
2016-08-12,3500,M,M6,OTC,Potentilla leuconota,1346,0.1268990808555695,45.4695,1.8468,24.620695256660166,0.222995835542679,-29.8334893798828,1,NA
2016-08-12,3500,M,M6,OTC,Veronica szechuanica,1343,0.13630650290601662,43.0246,1.7287,24.888413258517964,0.7950439184904099,-29.5373086547852,1,NA
2016-08-12,3500,M,M7,0,Geranium pylzowianum,1042,0.11890665496840162,47.5645,2.8827,16.499982655149687,-3.4340526390075703,-29.0398543548584,1,NA
2016-08-12,3500,M,M7,0,Pedicularis davidii,1045,0.10854583636900415,45.2221,3.1024,14.57648916967509,-1.43069153308868,-30.0392306518555,1,NA
2016-08-12,3500,M,M7,C,Geranium pylzowianum,1274,0.16347181347395015,46.9854,2.3851,19.69955138149344,-2.53844853401184,-30.1226091003418,1,NA
2016-08-12,3500,M,M7,C,Pedicularis davidii,1276,0.35558737466653384,45.7301,2.6822,17.04947431213183,-0.96708252429962,-29.808876953125,1,NA
2016-08-12,3500,M,M7,C,Veronica szechuanica,1275,0.07600972945064285,44.1865,1.8814,23.485967896247477,-0.96367319583893,-28.1860189056396,1,NA
2016-08-12,3500,M,M7,OTC,Epilobium fangii,1351,0.10960352983445407,45.5409,3.7129,12.265587546122978,3.68475998878479,-29.6496362304688,1,NA
2016-08-12,3500,M,M7,OTC,Geranium pylzowianum,1349,0.11714418259838036,45.3432,2.8913,15.682634109224225,0.189565258026123,-28.8411836242676,1,NA
2016-08-12,3500,M,M7,OTC,Hypericum wightianum,1350,0.11539717458325097,47.6489,3.9773,11.980212707112864,1.21635939121246,-29.6448735809326,1,NA
2016-08-12,3500,M,M7,OTC,Pedicularis davidii,1348,0.18181600374697146,43.8691,3.7522,11.691567613666649,3.23703826904297,-28.8998403167725,1,NA
2016-08-12,3500,M,MO,LOCAL,Clinopodium polycephalum,1569,0.13018051981662399,46.0405,2.4414,18.85823707708692,0.27126044511795,-30.729545288085898,1,NA
2016-08-12,3500,M,MO,LOCAL,Clinopodium polycephalum,1570,0.11427852370733285,46.1246,2.3112,19.95699203876774,-0.55878784656525,-30.9283596801758,1,NA
2016-08-12,3500,M,MO,LOCAL,Clinopodium polycephalum,1571,0.08007017088181287,45.6531,2.0521,22.247015252668003,1.556189870834351,-30.2091862487793,1,NA
2016-08-12,3500,M,MO,LOCAL,Clinopodium polycephalum,1572,0.09914404500308555,46.5722,1.9501,23.881954771550177,0.44333483874797797,-30.704543762207,1,NA
2016-08-12,3500,M,MO,LOCAL,Clinopodium polycephalum,1573,0.11817845099523741,46.2966,1.5394,30.074444588800826,-0.11750676631927498,-31.1145073699951,1,NA
2016-08-12,3850,A,A1,0,Geranium pylzowianum,1047,0.16297250912426622,46.8585,3.7875,12.371881188118811,-2.8975744152069103,-29.3417914581299,1,NA
2016-08-12,3850,A,A1,0,Persicaria vivipara,1048,0.16526369890293072,49.1492,3.2322,15.20611348307654,-0.6490296053886411,-27.8191970062256,1,NA
2016-08-12,3850,A,A1,0,Viola biflora var. rockiana,1054,0.11177699003787064,43.0454,2.4107,17.85597544281744,-0.68396507740021,-30.2717116546631,1,BlockID A1 and A2 merged
2016-08-12,3850,A,A1,C,Geranium pylzowianum,1278,0.25998486692609324,46.1011,3.0119,15.306318270858927,-0.5946593523025511,-30.514843902587902,1,NA
2016-08-12,3850,A,A1,C,Persicaria vivipara,1277,0.20747053525438286,48.475,3.2459,14.934224714254908,1.0692091941833501,-28.4727048492432,1,NA
2016-08-12,3850,A,A1,OTC,Geranium pylzowianum,1353,0.14128272839234832,41.6586,2.1035,19.80442120275731,-2.04927842140198,-29.4927243804932,1,NA
2016-08-12,3850,A,A1,OTC,Persicaria vivipara,1355,0.18458554905468322,46.3803,3.4481,13.45097299962298,-0.05430559337139099,-27.7129425811768,1,NA
2016-08-12,3850,A,A1,OTC,Potentilla leuconota,1352,0.12718268293775017,42.9668,2.1779,19.728545846916752,-0.77999393463135,-27.305516204834,1,NA
2016-08-12,3850,A,A1,OTC,Viola biflora var. rockiana,1354,0.09544617349956049,41.1567,1.7036,24.158664005635124,-0.7156581401825,-29.7701692199707,1,NA
2016-08-12,3850,A,A2,C,Geranium pylzowianum,1281,0.20040125236282857,47.245,2.3715,19.92199030149694,-2.60076972007751,-29.921446762085,1,NA
2016-08-12,3850,A,A2,C,Persicaria vivipara,1279,0.1946805516076006,48.84,3.3118,14.747267347062023,0.345337538421154,-27.8105554199219,1,NA
2016-08-12,3850,A,A2,C,Potentilla leuconota,1280,0.11662619390967498,45.5439,1.5414,29.54710003892565,-1.24116324424744,-28.5419187164307,1,NA
2016-08-12,3850,A,A2,OTC,Epilobium fangii,1357,0.14618548372480322,44.4819,2.2924,19.40407433257721,-1.52328010559082,-30.8871884155273,1,NA
2016-08-12,3850,A,A2,OTC,Geranium pylzowianum,1358,0.2258367816813118,44.9873,3.3667,13.362432055128167,-0.46905469417572,-30.7474560546875,1,NA
2016-08-12,3850,A,A2,OTC,Persicaria vivipara,1356,0.16624179844618303,46.5606,3.2087,14.510736435316485,0.818482376337051,-27.3307347106934,1,NA
2016-08-12,3850,A,A3,0,Geranium pylzowianum,1056,0.1654311757238435,47.5171,2.5314,18.771075294303547,-2.4679005050659204,-29.5434897613525,1,NA
2016-08-12,3850,A,A3,0,Persicaria vivipara,1057,0.18683995523567443,48.3544,2.9631,16.31885525294455,0.08735794544220002,-28.8894580078125,1,NA
2016-08-12,3850,A,A3,0,Potentilla leuconota,1055,0.09446270754103081,46.8012,2.3174,20.195563994131355,-2.20360158920288,-27.9014990997314,1,NA
2016-08-12,3850,A,A3,C,Persicaria vivipara,1282,0.18492126930746441,49.283,3.1384,15.703224573030845,0.8671935558319089,-27.8656053161621,1,NA
2016-08-12,3850,A,A3,OTC,Geranium pylzowianum,1359,0.18223823971151074,44.2419,2.5481,17.36270162081551,-1.1942492055893,-28.913032989502,1,NA
2016-08-12,3850,A,A3,OTC,Persicaria vivipara,1361,0.15282312049961047,46.5301,2.9555,15.743562848925732,0.907079524993897,-27.6798901367188,1,NA
2016-08-12,3850,A,A3,OTC,Potentilla leuconota,1360,0.1320876821600206,45.2778,2.7408,16.519921190893168,-0.85782139778137,-27.6740288543701,1,NA
2016-08-12,3850,A,A4,0,Geranium pylzowianum,1059,0.1546021491273978,47.5017,2.3274,20.409770559422533,-2.5814411544799802,-29.747921295166,1,NA
2016-08-12,3850,A,A4,0,Persicaria vivipara,1058,0.19149050992467526,49.7362,2.5399,19.581952045356115,0.358930773735046,-26.8837512207031,1,NA
2016-08-12,3850,A,A4,0,Potentilla leuconota,1060,0.11074374239342276,47.0997,2.198,21.428434940855322,-3.0753230953216604,-28.1174529266357,1,NA
2016-08-12,3850,A,A4,C,Persicaria vivipara,1283,0.16425223470972175,48.7519,2.8676,17.00094155391268,-0.7604165887832599,-28.0397138214111,1,NA
2016-08-12,3850,A,A4,C,Potentilla leuconota,1284,0.11964703756156968,47.185,2.1816,21.62862119545288,-2.1718360996246298,-26.6647290802002,1,NA
2016-08-12,3850,A,A4,OTC,Persicaria vivipara,1363,0.19904013129639594,46.0245,3.2843,14.01348841457845,0.12908409913769,-28.1261982727051,1,NA
2016-08-12,3850,A,A4,OTC,Potentilla leuconota,1362,0.09560272526994941,46.0074,2.515,18.293200795228625,-1.36696963787079,-27.850578765869102,1,NA
2016-08-12,3850,A,A5,0,Geranium pylzowianum,1062,0.23287392975340815,47.4627,2.5921,18.310520427452644,-1.8662285709381101,-28.864490814209,1,NA
2016-08-12,3850,A,A5,0,Persicaria vivipara,1063,0.2183160389086252,48.6314,3.2354,15.031031711689437,-0.37514769315719604,-28.1824801635742,1,BlockID A5 and A6 merged
2016-08-12,3850,A,A5,0,Potentilla leuconota,1061,0.15608226121301616,47.3302,2.8475,16.62166812993854,-0.37840949773788496,-27.3946688842773,1,NA
2016-08-12,3850,A,A5,C,Geranium pylzowianum,1285,0.14402958523947684,47.5934,2.0793,22.889145385466264,-3.50699993133545,-28.6381444549561,1,NA
2016-08-12,3850,A,A5,C,Persicaria vivipara,1288A,0.20884233374212327,49.1489,2.9282,16.784680008196162,0.421276418864727,-27.898346862793,1,NA
2016-08-12,3850,A,A5,C,Potentilla leuconota,1286,0.13038011095435673,47.9063,2.2704,21.10037878787879,-2.02163620948792,-27.496958694458,1,NA
2016-08-12,3850,A,A5,C,Viola biflora var. rockiana,1287,0.14885604199847155,42.4064,2.2368,18.958512160228896,-0.6649813270568901,-29.4560155487061,1,NA
2016-08-12,3850,A,A5,OTC,Geranium pylzowianum,1364,0.18733430401521567,46.0676,2.8659,16.074391988555078,-1.19253914833069,-29.0900826263428,1,NA
2016-08-12,3850,A,A5,OTC,Persicaria vivipara,1366,0.24670690139652882,47.239,3.0816,15.3293743509865,0.39954087108373704,-26.7950825500488,1,NA
2016-08-12,3850,A,A5,OTC,Potentilla leuconota,1365,0.14796902766496475,46.4859,2.6689,17.417625238862453,-1.51843815326691,-27.6440529632568,1,NA
2016-08-12,3850,A,A6,0,Potentilla leuconota,1064,0.14414470815435146,47.6724,2.3946,19.908293660736657,-1.42672978878021,-27.3630278778076,1,NA
2016-08-12,3850,A,A6,C,Geranium pylzowianum,1289,0.14625973611776452,49.3287,2.507,19.67638611886717,-3.45199104309082,-27.7530660247803,1,NA
2016-08-12,3850,A,A6,C,Persicaria vivipara,1290,0.20772996846212957,50.8589,3.2968,15.426747148750302,-0.34497674703598,-28.3633985137939,1,NA
2016-08-12,3850,A,A6,C,Potentilla leuconota,1291,0.11378848028385687,49.042,1.9119,25.650923165437526,-1.70612644195557,-28.151114425659202,1,NA
2016-08-12,3850,A,A6,C,Viola biflora var. rockiana,1288B,0.21628102437478905,43.1787,2.1115,20.449301444470755,-2.22142144203186,-30.4934548950195,1,NA
2016-08-12,3850,A,A6,OTC,Geranium pylzowianum,1369,0.18030076714094373,45.7423,2.4603,18.59216355728976,-2.65605633735657,-29.3207249450684,1,NA
2016-08-12,3850,A,A6,OTC,Persicaria vivipara,1367,0.16730705209071783,49.0485,3.0809,15.920185660034404,-0.567695910930634,-28.2600922393799,1,NA
2016-08-12,3850,A,A6,OTC,Potentilla leuconota,1371,0.10721249864973105,44.7526,1.9509,22.93946383720334,-0.55483683109284,-29.7626347351074,1,NA
2016-08-12,3850,A,A6,OTC,Veronica szechuanica,1370,0.11448178949433503,43.092,1.5416,27.952776336274,-0.7287897682189899,-29.10766456604,1,NA
2016-08-12,3850,A,A6,OTC,Viola biflora var. rockiana,1368,0.12844072045073054,40.7499,1.8866,21.599650164316756,-1.6133129215240503,-30.2694344329834,1,NA
2016-08-12,3850,A,A7,0,Persicaria vivipara,1065,0.23903181051449027,49.8879,3.2046,15.567590338887848,1.62220067501068,-28.2102683258057,1,NA
2016-08-12,3850,A,A7,0,Potentilla leuconota,1067,0.15289328444394354,46.2564,2.0208,22.890142517814727,-0.03672956466674804,-28.0525763702393,1,NA
2016-08-12,3850,A,A7,C,Geranium pylzowianum,1292,0.15521912919157713,49.3739,2.3219,21.264438606313796,-3.78259130477905,-27.9739541625976,1,NA
2016-08-12,3850,A,A7,C,Potentilla leuconota,1294,0.10023012581019275,43.932724561883894,1.7178,25.57499392355565,-2.4957399082183795,-27.9578268432617,1,NA
2016-08-12,3850,A,A7,C,Veronica szechuanica,1293,0.11006785122102346,41.09077917579408,1.9084,21.531533837661957,-1.8729815196990998,-29.0545771026611,1,NA
2016-08-12,3850,A,A7,C,Viola biflora var. rockiana,1295,0.15625808045566364,40.227265375136916,2.5461,15.799562222668754,-2.1093711280822798,-29.952684631347697,1,NA
2016-08-12,3850,A,A7,OTC,Geranium pylzowianum,1373,0.21552768831857774,47.0116,2.388,19.686599664991626,-0.10213979244232202,-30.418327789306602,1,NA
2016-08-12,3850,A,A7,OTC,Persicaria vivipara,1372,0.18896995784621892,48.9987,2.6413,18.550978684738574,1.26885790348053,-27.4688534545898,1,NA
2016-08-12,3850,A,A7,OTC,Viola biflora var. rockiana,1374,0.12899373400613492,41.5733,1.9885,20.906864470706566,-0.33344002723693905,-30.5247578430176,1,NA
2016-08-12,3850,A,H1,1,Geranium pylzowianum,1131,0.12161278893862786,45.6621,2.2471,20.32045747852788,-2.3796953868866,-28.2275341033936,1,NA
2016-08-12,3850,A,H1,1,Persicaria vivipara,1128,0.17180916347283173,46.1126,3.2094,14.367981554184583,0.22953647017478895,-29.9797275543213,1,NA
2016-08-12,3850,A,H2,1,Persicaria vivipara,1134,0.27238766840792733,45.9359,3.6506,12.583109625814934,0.961513426303864,-29.1703365325928,1,NA
2016-08-12,3850,A,H3,1,Persicaria vivipara,1104,0.3618373901999562,44.5721,3.5741,12.47085979687194,0.729243595600128,-29.6295739746094,1,NA
2016-08-12,3850,A,H3,1,Hypericum wightianum,1161,0.11622793342969934,47.1013,3.1992,14.722836959239812,-1.70905714035034,-29.705811386108397,1,NA
2016-08-12,3850,A,H4,1,Persicaria vivipara,1136,0.16690875869665633,46.3232,2.9982,15.450336868787938,-0.7127426004409799,-30.7309463500977,1,NA
2016-08-12,3850,A,H4,1,Potentilla leuconota,1137,0.13307890262331692,44.3557,2.1155,20.967005436067122,-1.66877743721008,-28.0433795928955,1,NA
2016-08-12,3850,A,H5,1,Geranium pylzowianum,1138,0.17611997746226749,45.9498,2.3343,19.684616373216812,-2.7865347576141404,-30.5065525054932,1,NA
2016-08-12,3850,A,H6,1,Persicaria vivipara,1140,0.20960026573490392,46.7204,2.7772,16.822843151375483,0.24764051675796495,-28.2007320404053,1,NA
2016-08-12,3850,A,H6,1,Veronica szechuanica,1139,0.11114936870679779,40.653,1.6737,24.289299157555117,-2.24586995124817,-30.1135314178467,1,NA
2016-08-12,3850,A,H7,1,Persicaria vivipara,1142,0.2128259403560652,46.3187,2.6135,17.72286206236847,0.8269252300262451,-27.609402008056602,1,NA
2016-08-12,3850,A,H7,1,Viola biflora var. rockiana,1141,0.10620033543522542,40.8484,1.8502,22.07782942384607,0.7664729475229979,-30.972571182251002,1,NA
2016-08-12,3850,A,M1,2,Geranium pylzowianum,1163,0.18445089472534412,42.7968,2.2158,19.31437855402112,-2.79131518363953,-28.6179264831543,1,NA
2016-08-12,3850,A,M1,2,Veronica szechuanica,1162,0.1207384451809621,42.2097,1.6281,25.925741662060066,-1.30514682769775,-28.3180493164062,1,NA
2016-08-12,3850,A,M2,2,Geranium pylzowianum,1164,0.15604826725662124,46.4902,2.5196,18.45142086045404,-3.46433626174927,-28.1912277984619,1,NA
2016-08-12,3850,A,M2,2,Potentilla leuconota,1166,0.12949587024192502,45.0733,1.8748,24.04165777682953,-1.27168308258057,-27.57557762146,1,NA
2016-08-12,3850,A,M3,2,Artemisia flaccida,1168,0.17868221962669434,43.3939,1.8595,23.33632696961549,-1.52813090324402,-32.090697174072304,1,NA
2016-08-12,3850,A,M3,2,Geranium pylzowianum,1167,0.16644473967756818,45.7717,2.6084,17.547807084802944,-2.6485823249816898,-29.5204304504395,1,NA
2016-08-12,3850,A,M4,2,Geranium pylzowianum,1169,0.16854386394590984,46.2944,2.516,18.400000000000002,-3.4960187530517595,-28.4361847686768,1,NA
2016-08-12,3850,A,M4,2,Pedicularis davidii,1172,0.2757276453247718,44.2959,2.3658,18.72343393355313,-0.51383744239807,-29.8238056945801,1,NA
2016-08-12,3850,A,M4,2,Persicaria vivipara,1171,0.21376044006545783,48.5047,3.0646,15.827416302290674,0.44803732573986105,-28.6729706573486,1,NA
2016-08-12,3850,A,M4,2,Potentilla leuconota,1170,0.12040839478696441,46.1372,2.4973,18.474832819445002,-2.5170198535919197,-27.823380355835,1,NA
2016-08-12,3500,M,M5,0,Potentilla leuconota,1046,0.12108022118027569,48.0053,3.1015,15.478091246171207,-0.8055004405975299,-26.9694026184082,1,NA
2016-08-12,3850,A,M5,2,Potentilla leuconota,1143,0.12204754699728183,45.2728,2.1385,21.170353051204113,-1.1650932741165203,-28.6835983276367,1,NA
2016-08-12,3850,A,M5,2,Geranium pylzowianum,1173,0.17560726380004152,45.9749,2.2273,20.6415390831949,-2.36847268104553,-28.7960900115967,1,NA
2016-08-12,3850,A,M5,2,Plantago asiatica,1174,0.14246989550892628,41.5538,1.9309,21.52043088715107,-2.39928112983704,-29.835919265747098,1,NA
2016-08-12,3850,A,M6,2,Artemisia flaccida,1177,0.1666819828273088,45.3886,1.9624,23.12912759885854,-1.74911130905151,-31.155651931762698,1,NA
2016-08-12,3850,A,M6,2,Potentilla leuconota,1175,0.12352917867562711,46.5588,2.2234,20.940361608347576,-2.33850680351257,-28.9474438476562,1,NA
2016-08-12,3850,A,M7,2,Geranium pylzowianum,1176,0.2330248342794703,46.4738,2.6552,17.502937631816813,-1.3519425249099701,-27.677685623168898,1,NA
2016-08-13,3850,A,AO,LOCAL,Allium prattii,1592,0.12540776904037584,44.3867,2.2615,19.62710590316162,-1.5412288856506402,-27.0451084899902,1,NA
2016-08-13,3850,A,AO,LOCAL,Allium prattii,1593,0.12101558899000497,43.2548,2.0393,21.210611484332862,2.22081575393677,-26.4202324676514,1,NA
2016-08-13,3850,A,AO,LOCAL,Allium prattii,1594,0.16000734711606251,43.595,2.7215,16.018739665625574,1.365192537307739,-25.9770409393311,1,NA
2016-08-13,3850,A,AO,LOCAL,Allium prattii,1595,0.1301433201502508,43.538,2.7683,15.727341689845753,-0.10922356963157698,-26.1441571044922,1,NA
2016-08-13,3850,A,AO,LOCAL,Allium prattii,1596,0.13661960859789915,44.0738,2.4641,17.88636824804188,-2.15356838226318,-27.0744206237793,1,NA
2016-08-13,3850,A,AO,LOCAL,Carex spp,1602,0.09116169108437283,43.92,1.41,31.148936170212767,7.0592622566223096,-27.1127896118164,1,NA
2016-08-13,3850,A,AO,LOCAL,Carex spp,1603,0.07243808997538541,42.19,1.31,32.20610687022901,5.20961807250977,-27.9435334014893,1,NA
2016-08-13,3850,A,AO,LOCAL,Carex spp,1604,0.05528137909301689,44.19,1.35,32.73333333333333,3.28606341362,-28.3723530578613,1,NA
2016-08-13,3850,A,AO,LOCAL,Carex spp,1605,0.1286397101971702,43.46,1.36,31.955882352941174,1.75767968177795,-27.9922871398926,1,NA
2016-08-13,3850,A,AO,LOCAL,Carex spp,1606,0.10434880566049219,41.03,1.34,30.619402985074625,1.7750298786163299,-27.9717507171631,1,NA
2016-08-13,3850,A,AO,LOCAL,Galearis spathulata,1608,0.2201633400991817,47.9073,2.9102,16.461858291526354,2.54315698623657,-27.8819824981689,1,NA
2016-08-13,3850,A,AO,LOCAL,Galearis spathulata,1609,0.19840767146240113,45.0223,3.1354,14.359348089557951,0.804675673246384,-28.1622196960449,1,NA
2016-08-13,3850,A,AO,LOCAL,Galearis spathulata,1610,0.16131380389861918,44.0578,2.4895,17.697449287005423,1.75458264827728,-27.721488647460898,1,NA
2016-08-13,3850,A,AO,LOCAL,Galearis spathulata,1611,0.12098729439210303,43.0077,2.1728,19.793676362297496,0.6583778433501719,-27.859105758667,1,NA
2016-08-13,3850,A,AO,LOCAL,Ligusticum scapiforme,1618,0.22080267107532522,41.5837,3.9934,10.41310662593279,6.02085441589356,-26.8870140838623,1,NA
2016-08-13,3850,A,AO,LOCAL,Ligusticum scapiforme,1619,0.08864101981327652,43.022,2.1366,20.135729663952073,2.10463762760162,-27.0723892974854,1,NA
2016-08-13,3850,A,AO,LOCAL,Ligusticum scapiforme,1620,0.1490600899204403,44.7065,3.3752,13.245585446788338,5.004193668365481,-26.8580910491943,1,NA
2016-08-13,3850,A,AO,LOCAL,Ligusticum scapiforme,1621,0.12464370056230181,42.8901,2.2289,19.242720624523308,1.8744539070129398,-26.1771351623535,1,NA
2016-08-13,3850,A,AO,LOCAL,Ligusticum scapiforme,1622,0.10311262573873532,42.0725,2.3778,17.69387669274119,4.39431557655335,-26.7406498718262,1,NA
2016-08-13,3850,A,AO,LOCAL,Pedicularis mussotii var. lophocentra,1625,0.2082047242096119,43.0547,2.8717,14.992756903576277,1.063590650558472,-28.5318447875977,1,NA
2016-08-13,3850,A,AO,LOCAL,Pedicularis mussotii var. lophocentra,1626,0.49860513397353906,43.2241,1.7498,24.70230883529546,1.8937935590744,-27.7664696502686,1,NA
2016-08-13,3850,A,AO,LOCAL,Pedicularis mussotii var. lophocentra,1627,0.22393089281823472,43.7448,3.613,12.107611403265983,2.2164947414398197,-28.8944355773926,1,NA
2016-08-13,3850,A,AO,LOCAL,Pedicularis mussotii var. lophocentra,1628,0.21354862910812972,42.9324,2.5643,16.742346839293376,0.8080268251895899,-28.1183430480957,1,NA
2016-08-13,3850,A,AO,LOCAL,Pedicularis mussotii var. lophocentra,1629,0.3778895006620956,42.7336,2.6394,16.190649390012883,0.808920924663544,-28.4662319946289,1,NA
2016-08-13,3850,A,AO,LOCAL,Pedicularis sima,1630,NA,42.3657,2.3458,18.06023531417853,-0.8199048280715902,-29.4485699462891,1,NA
2016-08-13,3850,A,AO,LOCAL,Polygonum cyanandrum,1633,0.06109699510446248,45.0165,2.0342,22.129829908563565,2.55896685123444,-30.953998260498,1,NA
2016-08-13,3850,A,AO,LOCAL,Saussurea globosa,1650,0.14284317275146008,45.2645,2.135,21.201170960187355,0.289463585615158,-27.0076195526123,1,NA
2016-08-13,3850,A,AO,LOCAL,Saussurea globosa,1651,0.10077211986361799,42.9714,1.565,27.45776357827476,-1.8811294078826901,-26.2996823120117,1,NA
2016-08-13,3850,A,AO,LOCAL,Saussurea globosa,1652,0.08914553498397493,43.5116,1.6226,26.815974362134845,-2.7447916507721,-26.8146168518066,1,NA
2016-08-13,3850,A,AO,LOCAL,Saussurea globosa,1653,0.09821198148791266,43.4242,1.6706,25.99317610439363,-2.11987199783325,-26.070996932983398,1,NA
2016-08-13,3850,A,AO,LOCAL,Saussurea globosa,1654,0.12219462327967243,42.267,1.7936,23.565454950936665,-2.38325181007385,-28.0033604431152,1,NA
2016-08-13,4100,H,HO,LOCAL,Allium prattii,1668,0.10280619700857746,42.8917,2.1787,19.686831596823794,-2.55807461738587,-28.2355858612061,1,NA
2016-08-13,4100,H,HO,LOCAL,Allium prattii,1669,0.12105824386586307,42.8142,2.5618,16.71254586618784,-3.9282804679870593,-27.2413079071045,1,NA
2016-08-13,4100,H,HO,LOCAL,Aster asteroides,1675,0.1022888211421598,42.0315,1.3863,30.31919497944168,-3.70811405181885,-29.7698838043213,1,NA
2016-08-13,4100,H,HO,LOCAL,Codonopsis foetens,1681,0.2575858662257737,NA,NA,NA,NA,NA,1,NA
2016-08-13,4100,H,HO,LOCAL,Galearis spathulata,1683,0.1324182431880996,46.7445,2.2347,20.917572828567593,-0.9513255310058601,-28.9614807891846,1,NA
2016-08-13,4100,H,HO,LOCAL,Galearis spathulata,1684,0.15204833940991913,47.6432,2.8315,16.826134557654953,-3.2914855194091803,-29.6962655639648,1,NA
2016-08-13,4100,H,HO,LOCAL,Galearis spathulata,1685,0.1497862859469755,47.8676,2.855,16.766234676007006,-2.78152730941772,-28.738890991210898,1,NA
2016-08-13,4100,H,HO,LOCAL,Galearis spathulata,1686,0.1519878242413231,47.8744,2.7717,17.27257639715698,-1.11282709121704,-29.230265960693398,1,NA
2016-08-13,4100,H,HO,LOCAL,Galearis spathulata,1687,0.17320507265197144,47.0178,2.3335,20.14904649667881,-0.478903858661652,-28.7551187133789,1,NA
2016-08-13,4100,H,HO,LOCAL,Polygonum macrophyllum,1700,0.3216282208082909,45.6641,3.7171,12.284872615748837,1.51902678489685,-29.3905881500244,1,NA
2016-08-13,4100,H,HO,LOCAL,Polygonum macrophyllum,1701,0.3709197574104682,46.2082,3.5594,12.9820194414789,-1.64609786987305,-27.7215398406982,1,NA
2016-08-13,4100,H,HO,LOCAL,Polygonum macrophyllum,1702,0.2509945277740686,45.0496,3.6397,12.377283842074895,-2.0203542423248297,-29.5357030487061,1,NA
2016-08-13,4100,H,HO,LOCAL,Primula serratifolia,1708,0.10179424867803223,47.7069,3.1476,15.156595501334348,-2.71902987480164,-29.411399230957,1,NA
2016-08-13,4100,H,HO,LOCAL,Primula serratifolia,1709,0.10930973050162697,47.951,2.9706,16.14185686393321,-2.4041335868835403,-27.6736367797852,1,NA
2016-08-13,4100,H,HO,LOCAL,Primula serratifolia,1710,0.11563768412194926,46.6761,3.6781,12.690274870177536,-0.5747928929328919,-31.3024686431885,1,NA
2016-08-13,4100,H,HO,LOCAL,Primula serratifolia,1711,0.08204242664505937,47.9124,2.7427,17.46906333175338,-1.5572736549377402,-29.241374359130898,1,NA
2016-08-13,4100,H,HO,LOCAL,Primula serratifolia,1712,0.07478252136493226,46.8958,2.5192,18.615354080660527,-2.3913839149475105,-30.1910279846191,1,NA
2016-08-13,4100,H,HO,LOCAL,Ranunculus brotherusii var. tanguticus,1713,0.158743060404065,NA,NA,NA,NA,NA,1,NA
2016-08-13,4100,H,HO,LOCAL,Rhodiola fastigiata,1714,0.16028148480020335,49.2066,3.146,15.64100445009536,-1.4710069608688399,-29.4830411529541,1,NA
2016-08-13,4100,H,HO,LOCAL,Saussurea ceterach,1715,0.06797858650155797,46.3646,2.3837,19.450685908461637,-5.77608135223389,-27.0769914245605,1,NA
2016-08-13,4100,H,HO,LOCAL,Saussurea ceterach,1716,0.09542365377973139,44.2745,2.4431,18.122262699029925,-1.51511695861816,-28.159825668335,1,NA
2016-08-13,4100,H,HO,LOCAL,Saussurea ceterach,1717,0.0912997847282247,46.9529,2.6285,17.863001712003044,-1.9435291576385496,-29.3201268768311,1,NA
2016-08-13,4100,H,HO,LOCAL,Saussurea ceterach,1718,0.11782568717217516,42.4553,2.9013,14.633198910833075,1.66870731830597,-25.639301910400402,1,NA
2016-08-13,4100,H,HO,LOCAL,Saussurea ceterach,1719,0.11834592427141272,43.4744,3.0748,14.138935865747365,-0.545403892993927,-28.100765838623,1,NA
2016-08-13,4100,H,HO,LOCAL,Saussurea graminea,1721,0.11873499599543944,46.1952,3.3905,13.624893083615987,1.017770593166351,-29.307636871337902,1,NA
2016-08-13,4100,H,HO,LOCAL,Saussurea graminea,1722,0.11645873735747185,44.3802,2.3961,18.521848003004884,-3.8405553627014197,-26.971335067749,1,NA
2016-08-13,4100,H,HO,LOCAL,Saussurea graminea,1723,0.09538374963107012,43.5482,2.1938,19.85057890418452,0.499796637296677,-28.7137495422363,1,NA
2016-08-13,4100,H,HO,LOCAL,Saussurea graminea,1724,0.0906894593341858,45.6168,1.7125,26.637547445255475,-0.8280313825607302,-27.8037268066406,1,NA
2016-08-13,4100,H,HO,LOCAL,Saussurea pachyneura,1725,0.11712693465374968,41.7138,2.0433,20.41491704595507,-3.0151147174835202,-27.5092436218262,1,NA
2016-08-13,4100,H,HO,LOCAL,Saussurea pachyneura,1726,0.11479290824587371,43.8462,2.2518,19.471622701838534,-1.14994686126709,-26.9236761474609,1,NA
2016-08-15,4100,H,A1,2,Geranium pylzowianum,1184,0.17014213617235383,44.6511,2.1197,21.06482049346606,-2.04582248687744,-27.9819687652588,1,NA
2016-08-15,4100,H,A1,2,Polygonum macrophyllum,1183,0.2067111773016049,46.769,3.0966,15.103339146160303,2.17699999809265,-28.0655869293213,1,NA
2016-08-15,4100,H,A1,2,Persicaria vivipara,1181,0.15346709519233775,47.3266,2.6987,17.536814021565938,1.370599343776703,-26.921088104248,1,BlockID A1 and A2 merged
2016-08-15,4100,H,A1,2,Potentilla leuconota,1186,0.13137087907031558,44.3362,1.8449,24.031763239199957,-2.09475050926208,-27.9164074707031,1,NA
2016-08-15,4100,H,A1,2,Veronica szechuanica,1182,0.11364774391650602,43.1191,1.8321,23.535341957316742,-2.2433375263214095,-28.449139480590798,1,NA
2016-08-15,4100,H,A1,2,Viola biflora var. rockiana,1180,0.10187824522128366,40.74,1.7357,23.471798121795242,-0.9716789865493802,-28.089436416626,1,NA
2016-08-15,4100,H,A2,2,Geranium pylzowianum,1188,0.23082947730249967,44.3856,2.3806,18.64471141728976,-3.39886461257935,-27.828186874389598,1,NA
2016-08-15,4100,H,A2,2,Viola biflora var. rockiana,1189,0.1265250191552962,40.4126,1.4595,27.689345666324083,-2.8710233116149895,-28.5412567901611,1,NA
2016-08-15,4100,H,A3,2,Geranium pylzowianum,1190,0.16831465251902974,46.0616,2.1663,21.262798319715642,-2.27519212722778,-29.8160847473144,1,NA
2016-08-15,4100,H,A3,2,Persicaria vivipara,1191,0.1693546505274193,47.518,2.4889,19.091968339427055,0.7359696173667909,-28.554293518066398,1,NA
2016-08-15,4100,H,A3,2,Potentilla leuconota,1192,0.12497247772333343,46.1001,2.183,21.1177737059093,-2.14864312171936,-27.475911026001,1,NA
2016-08-15,4100,H,A3,2,Viola biflora var. rockiana,1193,0.1006306869758179,42.6574,1.7144,24.881824545030334,-1.0598541641235402,-29.3210419464111,1,NA
2016-08-15,4100,H,A4,2,Geranium pylzowianum,1196,0.14682266629065782,44.3309,2.2682,19.544528701172734,-2.3106203556060803,-26.7015422058105,1,NA
2016-08-15,4100,H,A4,2,Polygonum macrophyllum,1197,0.23525738852219574,45.1631,2.852,15.835589060308557,-1.42297457695007,-28.463533706665,1,NA
2016-08-15,4100,H,A4,2,Persicaria vivipara,1199,0.20520683075726326,45.3098,3.1449,14.407389742122168,-0.8799343013763401,-27.9928572845459,1,NA
2016-08-15,4100,H,A4,2,Potentilla leuconota,1195,0.12015447935123733,45.9248,2.127,21.59134931828867,-3.7061399078369095,-27.6591576385498,1,NA
2016-08-15,4100,H,A4,2,Veronica szechuanica,1198,0.11184968016433934,41.3033,1.5423,26.780328081436814,-2.96531589508057,-29.160705871582,1,NA
2016-08-15,4100,H,A4,2,Viola biflora var. rockiana,1194,0.11986227164192045,40.6856,1.926,21.12440290758048,-1.4916218662262,-28.822195892333998,1,NA
2016-08-15,4100,H,A5,2,Geranium pylzowianum,1203,0.20177094615485472,43.9186,2.3701,18.530272984262268,-2.2567558765411397,-28.8631632995605,1,NA
2016-08-15,4100,H,A5,2,Persicaria vivipara,1200,0.30358643206336616,46.1516,2.7716,16.651609178813683,2.21887667179108,-28.1084922027588,1,NA
2016-08-15,4100,H,A5,2,Viola biflora var. rockiana,1202,0.11867643461022123,39.4916,2.0013,19.73297356718133,-0.71829705238342,-28.409599609375,1,NA
2016-08-15,4100,H,H1,0,Polygonum macrophyllum,1069,0.1828012806996708,46.6895,3.7025,12.610263335584065,-0.076545934677124,-27.542369995117202,1,NA
2016-08-15,4100,H,H1,0,Viola biflora var. rockiana,1068,0.1424903879120085,43.8823,3.0753,14.269274542321075,-0.9613675403594999,-28.702381439209,1,NA
2016-08-15,4100,H,H1,C,Viola biflora var. rockiana,1296,0.1487287011051341,41.37401014512595,2.4806,16.679033356899925,-0.7151826047897298,-28.5597059631348,1,NA
2016-08-15,4100,H,H1,OTC,Polygonum macrophyllum,1376,0.24189700657596658,45.7461,3.1199,14.6626814962018,-0.68222933292389,-28.331375579834,1,NA
2016-08-15,4100,H,H2,C,Polygonum macrophyllum,1226,0.22287785347258787,45.4311228984299,3.781,12.015636841690002,-1.31606595039368,-28.8746955108643,1,NA
2016-08-15,4100,H,H2,C,Viola biflora var. rockiana,1223,0.12383115224229019,42.86834667222454,2.8762,14.904508265150039,-0.84463171482086,-28.8532511901855,1,NA
2016-08-15,4100,H,H2,OTC,Persicaria vivipara,1379,0.12748265673687115,48.6118,2.5008,19.438499680102368,2.94967801094055,-26.3655152130127,1,NA
2016-08-15,4100,H,H2,OTC,Viola biflora var. rockiana,1378,0.13458826618614741,43.0577,2.7219,15.818986737205627,-0.31708579540252696,-31.5384716796875,1,NA
2016-08-15,4100,H,H3,0,Polygonum macrophyllum,1074,0.24978617834761863,45.0457,4.031,11.174820143884892,-3.75559804916382,-28.032932434082,1,NA
2016-08-15,4100,H,H3,C,Polygonum macrophyllum,1301,0.20677969110746536,47.281273795180724,3.1737,14.897839680871135,-3.0873712348938,-27.9007913970947,1,NA
2016-08-15,4100,H,H3,C,Viola biflora var. rockiana,1300,0.12519554866086288,44.42083566538882,2.3781,18.67912857549675,-2.29525608062744,-25.7391474151611,1,NA
2016-08-15,4100,H,H3,0,Viola biflora var. rockiana,1072,0.1017487988973471,42.2918,2.1509,19.662373889999536,-0.5137576842308049,-26.7999898529053,1,NA
2016-08-15,4100,H,H3,OTC,Polygonum macrophyllum,1381,0.24054314038754881,45.2905,2.993,15.132141663882393,-1.53274541378021,-30.1741356658936,1,NA
2016-08-15,4100,H,H3,OTC,Viola biflora var. rockiana,1380,0.11910354938283486,41.0371,2.4027,17.07957714238149,-0.5752822685241701,-30.2513928222656,1,NA
2016-08-15,4100,H,H4,0,Viola biflora var. rockiana,1076,0.12091474595413759,42.7911,2.4572,17.414577567963537,-0.31322530984878494,-26.8986302947998,1,NA
2016-08-15,4100,H,H4,C,Polygonum macrophyllum,1303,0.1903236682315207,47.70796952354874,3.4452,13.847663277472641,-1.8008537340164201,-28.5604593658447,1,NA
2016-08-15,4100,H,H4,C,Viola biflora var. rockiana,1302,0.11389161952781109,43.56987746440306,2.3272,18.722016786010254,-0.10192197799682601,-27.580738296508798,1,NA
2016-08-15,4100,H,H4,OTC,Viola biflora var. rockiana,1382,0.14932130953048378,42.2843,2.3979,17.63388798532049,-0.5683108496665961,-28.479116897583,1,NA
2016-08-15,4100,H,H5,C,Viola biflora var. rockiana,1306,0.1115055408150382,43.840358173603505,2.3381,18.75042050109213,-0.83210438728333,-27.486782302856398,1,NA
2016-08-15,4100,H,H5,OTC,Polygonum macrophyllum,1385,0.3059155062953628,45.0045,3.3954,13.254550273899982,0.43959615111351,-29.1907257843018,1,NA
2016-08-15,4100,H,H5,OTC,Persicaria vivipara,1384,0.19311832532985707,46.2915,3.1804,14.55524462331782,1.2053992223739618,-28.3926319885254,1,NA
2016-08-15,4100,H,H5,OTC,Potentilla leuconota,1386,0.11242345474889257,44.6063,1.6082,27.736786469344604,-1.05591281414032,-29.2259297180176,1,NA
2016-08-15,4100,H,H5,OTC,Viola biflora var. rockiana,1383,0.1246981197020182,42.6804,2.5711,16.600054451402123,-0.39829622983932494,-27.8867344665527,1,NA
2016-08-15,4100,H,L1,4,Persicaria vivipara,1216,0.23137823818629688,45.56318810615535,3.4638,13.154104771105535,-1.12126605033875,-28.738043518066398,1,NA
2016-08-15,4100,H,L1,4,Potentilla leuconota,1218,0.10383217755645752,46.47154386549951,2.4325,19.10443735477883,-0.49060009002685984,-28.0508353424072,1,NA
2016-08-15,4100,H,L1,4,Viola biflora var. rockiana,1222,0.0939775931914724,42.30324192024455,2.0747,20.39005249927438,-0.350576322078705,-26.7382209014893,1,NA
2016-08-15,4100,H,L2,4,Potentilla leuconota,1217,0.08713182134966248,46.937278685563435,2.2214,21.129593358046023,-0.59957919597626,-27.2780139160156,1,NA
2016-08-15,4100,H,L3,4,Potentilla leuconota,1220,0.11286933372838019,46.598472655273035,1.9821,23.509647674321698,-1.07870305538178,-28.8231837463379,1,NA
2016-08-15,4100,H,L4,4,Potentilla leuconota,1221,0.11258940531194148,46.82625303598722,2.102,22.276999541383077,-0.3179304409027099,-27.9654071044922,1,NA
2016-08-15,4100,H,L5,4,Potentilla leuconota,1219,0.12453126658718854,45.6511986522162,2.3162,19.709523638811937,0.29576912939548505,-27.8936450195312,1,NA
